FullName,Position,TeamName,SkillPointOL
A.J. Dickinson,RG,PHI,12
Ahmad Ezeani,LT,CHI,12
Ajani Cornelius,RG,DEN,10
Alex Alfaro,C,CHI,1
Alfonso Charles,RT,MIA,4
Andre Westbrook,RG,NYJ,-6
Andrew Beyer,RG,WAS,-6
Andrew Chamblee,LT,DAL,-1
Andrew Page,C,CLE,4
Andrew Thomas,LT,PIT,4
Anthony Parrish,LT,TB,-6
Anton Harrison,LT,CAR,2
Antone Faulk Sr,LT,LAR,-6
Asante Nalbone,LT,CIN,-7
Ashton Stuckey,RT,TEN,4
Austin Posey,RT,CAR,2
Ayton Burgess,RG,ARI,-6
Baxter Durbin,RG,DAL,-2
Ben Christman,LG,PIT,-10
Benjamin Meander-Camp,C,DET,4
Billy Schrauth,LG,SEA,-5
Blake Jenkins,RT,NYJ,-5
Bo McGhee,LG,TB,-1
Brandon Baker,LT,NE,4
Brayden Phillips,C,NYG,0
Brett McDaniel,RG,SEA,4
Bryan McDaniel,LT,SF,-7
Bryce Foster,C,PIT,13
Caleb Siech,RT,TEN,-7
Calvin Clements,LT,NE,-6
Calvin Joseph Jr,LG,TB,2
Cam'Ron Johnson,LG,ARI,-1
Carson Hinzman,C,BAL,4
Cayden Sweatt,C,LAC,4
Chauncey Posey,LT,BAL,-6
Clyde Hackett,RG,DET,0
Cody Dunn,LT,IND,-3
Colt Jackson,LT,NE,0
Colton Lang,RT,JAX,2
Conner Forristall,C,PHI,-5
Connor Lew,C,NYG,8
Cooper Patterson,RG,CAR,2
Cordale Poindexter,LG,BAL,0
Curtis Rivers,C,ARI,3
D.J. Smith-Morris,RT,ARI,-2
Darius Woodbury,RG,LV,-1
Darren Spencer,LG,HOU,-6
Darren Stephenson,RG,HOU,1
Deion Brock,LT,ARI,-5
Deorius Hill,LT,MIA,-5
Derek Campbell,LG,CHI,0
Derek Irons,RG,NYG,13
Devin Russo,RG,GB,1
Donte Harris,C,CAR,0
Duane Fenderson,RT,WAS,1
Duce Dowdle,RG,SF,5
E.J. Harris,RG,MIN,2
Ekene Ogboko,RT,DAL,2
Elija Boyce,C,SEA,1
Elijah Pritchett,LT,NYG,4
Emmett Charles,C,IND,10
Emmett Harper,RT,MIN,-3
Eric Tucker,C,KC,-5
Ethan McCoy,RT,GB,-5
Evan Lampman,C,ATL,-5
Francis Mauigoa,RT,DET,-5
Garrett Armstrong,LT,CLE,0
Gavin Ellis,RT,NYG,1
George Stevenson,RT,NYJ,4
Graham Holt,LG,MIA,-1
Grayland Nichols,LG,BUF,-1
Greg Feeny,LT,CAR,3
Harris Sewell,LG,LAC,2
Hayden Whittington,C,CIN,-1
Hudson Perroni,RG,KC,0
Hunter Nagel,LT,CLE,5
Ian Dickinson,C,JAX,-1
Iapani Laloulu,C,LV,13
Immanuel Iheanacho,RT,LAR,1
Isacc Olson,C,DAL,-5
Isendre Ahfua,RG,MIN,-6
J'ven Williams,LT,BUF,-5
JacQawn McRoy,RT,PHI,-1
Jack Hollifield,C,WAS,-3
Jackson Powers-Johnson,C,TEN,10
Jahmeek Forbes,LG,NYJ,0
Jalen Payton,RT,HOU,2
Jalyn Peterson,C,HOU,12
Jameel Smith Jr,LG,NO,4
James Johnson,LG,LAR,-5
James Parrish,C,BUF,1
James Skillin,C,NO,7
Jared Peterson,RT,DET,2
Jaylen Early,RG,WAS,-3
Jeremiah Doherty,RG,PIT,-4
Jeremy Halterman,C,LAR,4
Jeremy Jones,C,CLE,-6
Joel Thomas,C,NE,2
John Chamberlain,LT,LV,-4
John O'Rourke,RT,LV,1
Jonathan Crawford,C,MIA,4
Jordan McCain,LG,LAC,2
Jordan Tonga,RG,CAR,-2
Josh Parks,RT,SF,6
Josh Petty,RT,HOU,4
Junior Hines,LG,TEN,-1
Justin Hasenhuetl,RG,GB,2
Justin Traynor,C,TB,2
Kadyn Proctor,LT,PHI,-1
Kasey Taylor,RT,CHI,5
Kelvin Banks Jr,LG,WAS,0
Kennyi Jarrel,RG,BAL,2
Keshawn Davila,RT,BAL,-1
Keyshawn Downing,LG,LV,-2
Kinglsey Suamataia,RT,CLE,1
Klay Michaels,C,SF,1
Korbett Howard,LG,PHI,-1
Lamar Brown,LG,CIN,-1
Lance Foster,LT,CHI,4
Leati Alofaituli,LG,CLE,-1
Logan Taylor,RT,KC,-3
Lucas Ellefson,C,NYJ,3
Lucas Mitchell,C,IND,0
Lucas Pollard,LG,NYG,-2
Mackey Maillho,RT,TB,1
Malachi Goodman,LG,IND,-5
Marcell Coleman,RT,IND,0
Marcus Henderson,RG,NE,-2
Mario Nash Jr,LG,ATL,5
Mark Creagh,LG,KC,1
Marlon Russell,RG,PHI,-3
Masai Kalawaia,RT,MIA,-1
Mason Alexander,LT,GB,4
Matt Mackey,C,BAL,1
Matthew Raymond,LT,JAX,2
Matthew Rhodes,C,SF,-2
Michael Carroll,LG,JAX,1
Michael Oladejo,RG,NO,-4
Michael Pearson,LG,SF,3
Mitch Carrington,RG,LAR,-7
Morgan Sheldon,RT,DEN,3
Oladayo Momodu,RT,ATL,2
Omarion Brooks,LT,GB,-2
Owen McLane,RG,DAL,1
Parker Wesevich,RG,ATL,2
Paul Diamanka,LT,TEN,-5
Paul Ferguson,RG,BUF,0
Penei Sewell,RT,SEA,-10
Pierre Dean,C,HOU,1
Quentin Adams,LG,KC,1
Quincey Carmichael,LT,CIN,-5
Quinci Ferguson,RG,CHI,-2
Rashaud Gray,LT,NYJ,4
Raymond Pulido,RG,DET,-3
Roshawn Holt,RT,PIT,1
Ryan Krueger,RG,JAX,-1
Ryder Lucas,LG,CIN,2
Rylan Harrell,LG,DEN,-1
Samson Okunlola,RT,CIN,-2
Sean Maddox,RT,IND,0
Sean Parsons,RG,TEN,-4
Shane Freeman,RT,LAC,3
Shawn Holcomb,C,MIN,12
Sione Auva'a,LG,NE,3
Steven Stogner,LG,MIA,-1
Travis Bonner,LT,HOU,-5
Travis Calloway,RT,SEA,2
Trent Heinicke,LG,IND,8
Trevor Alexander,LT,KC,-5
Trey Thurman,LT,WAS,1
Ty Haywood,LT,NO,-5
Tyler Cavanaugh,C,GB,3
Tyler Smith,LG,CLE,4
Tyrone Ferrell Jr,RT,BUF,0
Victor Smith,LT,ATL,3
Vince Clinton,C,BUF,8
Walter Nash,C,PIT,13
Walter Samuel,RG,DAL,0
Wendell Robertson,RT,TB,-3
Will Olsen,RT,NO,-3
Zach McClain,RT,DEN,1
