FullName,Position,TeamName,SkillPointDef
A'Zion Buckley,CB,NYG,2
A.J. Harris,CB,HOU,1
A.J. Schwartz,FS,NO,1
A.J. Tulloch,SS,CLE,0
Aakil Harris,RE,TEN,-1
Aaron Benson,SS,GB,12
Aaron Flowers,FS,WAS,0
Aaron Gibson,LE,CHI,-1
Aaron Lawrence,RE,DEN,1
Aaron Olsen,RE,NE,0
Aaron Werner,RE,CAR,-1
Abduall Sanders Jr,ROLB,JAX,-3
Abdul Carter,LOLB,CAR,12
Abdul Howard,FS,LAC,-1
Abe Willekes,SS,SEA,-2
Abu Tarawallie,DT,IND,0
Adonis Hodge,CB,SEA,0
Adonis Woodson,LE,MIN,-5
Adrian Walsh,RE,IND,2
Adrien Martin,DT,DAL,5
Ahmad Brown,FS,BUF,-3
Aidan Hutchinson,RE,DET,-3
Alex Bray,RE,BUF,1
Alex Clemons,LOLB,ARI,1
Alex Dawson,CB,JAX,4
Alex Peters,CB,WAS,-2
Alex Underwood,FS,WAS,7
Alijah McGhee,FS,MIN,-3
Allen Finney,CB,NYG,-1
Allen McGee,FS,TEN,1
Amar'e Woodbury,LE,HOU,-5
Amari Fells,LE,TEN,0
Amir Dupree,CB,JAX,1
Andrew Booker,MLB,BUF,1
Andrew Elliott,CB,PHI,1
Andrew Hankins,FS,PHI,8
Andrew Martin,RE,NYJ,-3
Andrew Warner,SS,LAR,-1
Andrew White,DT,DET,-4
Andrew Zimmerman,DT,IND,-2
Anquon Fegans,FS,PIT,6
Anthony Hill Jr,ROLB,DAL,3
Anthony Jones,LE,DAL,-4
Anthony Kennedy Jr,DT,BUF,-2
Anton Hobson,LE,NYG,-3
Antonio McQueen,CB,LAR,-3
Antonio Rutledge,FS,SF,-6
Antonio Shepard,CB,KC,0
Antwan Brewer,RE,MIA,-3
Antwane Newsome,LE,HOU,3
Antwon Staley,MLB,SF,-3
Antwuan Alexander,DT,TEN,-4
Arion Carter,LOLB,GB,-2
Asaad Slayton,DT,HOU,10
Austin Jackson,RE,ARI,3
Austin Middlebrooks,FS,NO,0
Austin Romaine,MLB,LV,0
Avery Van Lanen,RE,LV,0
BJ Allen Jr,LOLB,PHI,2
Bakarius Toone,DT,BUF,-2
Barrett Carter,MLB,LAC,-3
Bear Alexander,DT,ARI,-2
Beau Atkinson,RE,NYJ,-2
Ben Clavijo,LOLB,LAC,-6
Ben Cutter,ROLB,NE,4
Benjamin Bryant,DT,CIN,6
Beval Massey,CB,MIN,-2
Blake Brewer,FS,MIN,5
Bo Chamberlain,SS,NYG,13
Bo Winters,RE,KC,-3
Brad Fitzgibbon,DT,MIN,0
Bralan Womack,FS,CIN,12
Branden Ali,SS,BUF,2
Brandon Best,LOLB,PIT,6
Brandon Greenard Sr,FS,HOU,0
Brandon McKnight,CB,GB,4
Brandon Odom,MLB,NO,5
Brandon Wright,MLB,JAX,-3
Brayden Cooper,CB,IND,3
Brayden Platt,MLB,KC,2
Brayden Trent,MLB,SEA,-1
Brayln Sheldon,SS,ATL,-1
Brendan Cunningham,CB,CIN,-1
Brett McCollum,CB,DEN,-1
Brian Barnett,SS,LAC,9
Brian Borden,CB,BAL,3
Brian Moore,FS,SEA,-1
Brian Villarreal,ROLB,CHI,-4
Britton Holliday,LOLB,CIN,-2
Bryce Thurman,FS,WAS,-3
Bryson Bush,MLB,TB,-3
C.J. Clifford,ROLB,LAR,3
C.J. Hicks,LOLB,ATL,5
CJ Meyers,MLB,MIA,-5
CJ Nickson,RE,MIN,-4
Caden McDowell Jr,DT,DEN,7
Caden VerMaas,FS,DET,10
Caleb Downs,FS,NE,-1
Calen Bullock,SS,GB,0
Calvin McPhee,CB,WAS,3
Calvin Reed,SS,TEN,-5
Calvin Taylor Jr,SS,IND,11
Cam Aldridge,LE,NYG,6
Camani Cobbs,CB,NE,6
Cameren Jenkins,DT,LAR,-2
Cameron Smith,ROLB,TEN,3
Cannon Hughes,FS,TB,-2
Carlo Burke,DT,TEN,-3
Carlos Hildago,RE,CIN,5
Carlos Knight,CB,SEA,-2
Cary Ward,FS,BAL,-7
Cassh Schroeder,MLB,TEN,4
Cedric Brown,FS,CHI,1
Cedric Fitzgerald III,LE,BUF,0
Chandavian Bradley,ROLB,MIN,2
Chandler Pratt,FS,DAL,4
Channing McLean,MLB,NE,-1
Charleston Minor,DT,MIN,-1
Chauncey Rice,RE,LAR,-1
Chauncey Tolbert,CB,ATL,-1
Chidike Edochie,CB,CIN,0
Chris Ancrum,DT,TEN,1
Chris Durant,LOLB,NO,-4
Chris Feliz,ROLB,CIN,-3
Chris McLeod,RE,PIT,5
Chris Peralta,ROLB,LV,-3
Chris Ware,DT,TB,-2
Christen Miller,DT,ATL,0
Christian Gray,CB,JAX,-1
Christian Jones,LOLB,MIA,4
Christopher Spence,CB,TEN,-1
Chrystyile Blaylock,LE,CLE,7
Clayton Roosevelt,LOLB,DEN,-2
Clifton Dobson Jr,RE,LV,1
Clifton Hamilton,DT,MIA,11
Cody Mercer,MLB,TEN,1
Cole Robinson,FS,DEN,0
Cole Sambucci,MLB,GB,-2
Connor Phillips,SS,LAR,0
Cooper Catalano,LOLB,CLE,-3
Cooper Silver,LE,ATL,5
Cordell Boston,ROLB,DAL,-1
Corey McAlister,MLB,NE,6
Cory Ingram,CB,MIN,-4
Cory Truman,RE,MIN,-3
Courtland Brooks,FS,ATL,-3
Curlee Tyson,RE,WAS,4
D'Angelo Ponds,CB,MIN,1
D'Angelo Roberson,DT,PIT,12
D.J. Davidson,LE,GB,1
DQ Smith,SS,CAR,-2
DaQuan Bullock,ROLB,BUF,-1
DaShawn Simmons,DT,MIA,7
DaWann Huff Jr,ROLB,IND,2
Daeh McCullough,FS,SEA,0
Dakota McElroy,FS,LAR,1
Dalton Franklin,MLB,NYJ,5
Damarious Wooden,CB,NYJ,0
Damian Turner,CB,ARI,0
Damien Cheeks,MLB,CHI,4
Damien Shanklin,LE,KC,-2
Damion Ward,LE,HOU,-1
Daniel Flynn,RE,BAL,-3
Daniel McPherson Jr,ROLB,CAR,-2
Daniel Trapp,MLB,DEN,-2
Danny Brown,DT,NYG,-4
Dante McClellan,MLB,ARI,10
Darin Holmes,LE,CAR,-5
Darnell Edwards Jr,ROLB,MIA,-6
Darrell Robinson II,CB,BUF,1
Darrelle Staley,CB,BUF,1
Darren Harrison,LE,CLE,-1
Darren Ikinnagbon,RE,SEA,-2
Darren Smallwood,CB,MIA,2
Darrius Bridges,DT,CHI,6
Daryl Whiteside,MLB,HOU,2
Dashawn McBryde,FS,CLE,6
Dashawn Womack,RE,DET,-4
Davante Claiborne,MLB,BAL,-1
David Lampman,DT,NYJ,8
David Onuoha,RE,BUF,-1
David Singleton,SS,KC,-1
David Stone,DT,MIA,-1
Davion Brown,CB,HOU,-3
Davon Benjamin,FS,DAL,-2
Daxton Hill,FS,PIT,7
Daylen Austin,CB,MIA,3
Daylen Everette,CB,ATL,2
Daylon McMichael,CB,NO,4
De'Angelo Gooden,ROLB,SF,0
De'Kwon Burton,CB,CLE,4
De'Veon Leslie,ROLB,ARI,2
De'ron McIntosh,RE,DET,-1
De'zie Russell,CB,NE,-3
DeAndre Clayborn,MLB,WAS,-2
DeAngelo Newman,CB,CIN,-1
DeMarcus Gaffney,DT,TEN,13
DeMontre Sweat,DT,NE,-1
DeSean Cooper,MLB,NYJ,5
Deacon Adams,LE,JAX,-1
Deacon Commings,RE,MIA,0
Dee Bigsby,MLB,KC,-2
Deion Myrick,DT,CHI,-3
Delarrin Aguayo,MLB,LAR,8
Delonte Callahan,MLB,GB,-6
Delvin Gerard,CB,PHI,-3
Delvin Marshall Jr,CB,NYJ,-3
Demarcus Riddick,LOLB,JAX,10
Demario Knight,RE,ATL,-3
Demello Jones,FS,ATL,3
Demetrius Hodgins,RE,NO,-5
Deon Davenport,CB,JAX,-4
Deon George,LOLB,CIN,-4
Derek Grubbs,LOLB,LAR,6
Derek Reece,CB,BAL,0
Derek Williams Jr,FS,TEN,-1
Derrick Wilburn,SS,DAL,5
Derron Covington,DT,NYG,8
Desmond Kelly,FS,NYJ,-4
Deuce Howard,LE,NYJ,6
Devan Houstan,DT,LAR,-1
Devin Sharp,LOLB,NYG,5
Devin Williams,CB,NYJ,4
Devon Davis,SS,MIA,7
Devon Spencer,CB,WAS,-5
Devon Stevenson,CB,DET,-1
Devontae Ferguson,CB,ARI,2
Devontae Jackson,LE,BUF,2
Dezz Ricks,CB,LV,2
Dillon Wheeler,DT,PHI,0
Dion Borden,SS,NE,0
Dishawn Misa,MLB,NYG,-3
Dison Gray,CB,BUF,-1
Divine Eddins,ROLB,DEN,-2
Domani Jackson,CB,KC,2
Dominick Fitzgerald,CB,DEN,2
Dominick McKinley,DT,MIN,3
Dominick Nash,CB,IND,-1
Dorian Ford-Towns,LE,ARI,-3
Dorian Kennard,CB,MIN,-3
Doug Lowell,SS,CLE,0
Drayk Bowen,ROLB,NE,-1
Drew Durant,MLB,ATL,-3
Dudley Cummins,LE,TB,-3
Dudley Hall,CB,WAS,-5
Duke Aldridge,LE,DET,-6
Duron McClain,RE,CIN,-4
Dwayne Byrd,SS,MIN,8
Dylan Stewart,RE,ATL,-1
Earl Hunt,CB,NYJ,4
Eddie Gibson,LOLB,LAC,0
Eddrick Houston,LE,ARI,-3
Ekene Shelton,RE,PIT,4
Elbert Hill,CB,DEN,1
Eli Brockers,CB,PHI,2
Eli Winters,ROLB,NYG,-4
Elijah Gardiner,LOLB,HOU,2
Elijah Griffin,DT,KC,-3
Ellis Robinson IV,CB,CLE,4
Emanuel Roberts,LOLB,HOU,3
Emanuel Watson,MLB,ARI,4
Emmett Bullard,CB,LAR,0
Emmett Dobson,CB,MIA,0
Emmett Kamara,SS,HOU,2
Eric Wall,DT,SEA,3
Evan Barlow,LE,WAS,-5
Ezekiel Yancey,ROLB,WAS,-4
Frazier Hackett,MLB,SEA,5
Fred Gaskin III,SS,BAL,4
Gehrig Hood-Teller,LOLB,DAL,4
George Hitchens,RE,ATL,0
George Ingram,MLB,ATL,3
Grant Pierce,ROLB,HOU,-4
Greg Denney,MLB,NE,1
Greg Pritchett,RE,WAS,-3
Gregory Harding,CB,CHI,7
Gregory Patterson,CB,LAC,-2
Hakeem Calhoun,RE,CHI,-3
Harold Perkins,LE,LAR,-4
Harrison Lashley,RE,NO,1
Hemi Ngata,DT,KC,-4
Holdon Crayton,LOLB,CAR,-3
Ify Obidegwu,CB,SF,4
Immanuel Reece,ROLB,GB,2
Isaac Allen,LE,LV,0
Isaac Johnston,DT,NE,2
Isaac Pickens,CB,TEN,-2
Isaac Smith,SS,NE,9
Isaia Faga,DT,KC,-5
Isaiah Bryson Sr,RE,LAC,5
Isaiah Coleman,FS,NYJ,15
J'Vari Cunningham,LE,IND,-3
J'Vari Flowers,CB,DET,3
J'Vari Myers,DT,BAL,1
J.D. Garrison,LE,TB,-2
J.T. Knighton,CB,SF,8
Ja'Bree Hamlin,ROLB,CLE,5
Ja'Keem Jackson,CB,NE,-1
JaReylan Clark,DT,DAL,5
Jabari Posey,CB,CIN,-1
Jabreal Porter,CB,LAR,4
Jace Stein,DT,CHI,1
Jack Patterson,DT,DET,-3
Jackson Schultz,LE,LAC,-2
Jackson Wilber,ROLB,ATL,-3
Jacobe Johnson,CB,CHI,-4
Jacoby Mathews,SS,NO,7
Jacoby Nwachukwu,LE,JAX,0
Jadaan Allen,LE,MIA,2
Jaden Hicks,SS,SF,11
Jahkeem Stewart,DT,LV,1
Jahlil Smart,LOLB,KC,-3
Jake McGhee,ROLB,SEA,-7
Jakon Warmack,LE,BUF,-1
Jalen Allen Jr,RE,JAX,-2
Jalen Holliday,SS,NO,2
Jalon Kilgore,SS,SF,-3
Jameel Bennett,CB,DET,-3
James Ferrell,SS,MIN,-6
James Graham,CB,ATL,-1
James Orton,ROLB,WAS,1
James Pearce Jr.,RE,TB,-2
James Winston,LE,LV,-1
Jamon Foote,CB,SF,-2
Jared Smith,LE,BAL,0
Jarred Andrews,DT,ATL,0
Jarrick Heyward Sr,SS,KC,6
Jarrid McBride,SS,WAS,-1
Jason Carr,SS,NYJ,-4
Jason Dowell,DT,LAC,-2
Jason Gatewood,CB,NE,-2
Jason Hunter,RE,NYJ,-5
Javarian Way,SS,HOU,3
Javien Toviano,CB,SEA,2
Jayce Strong,CB,NE,2
Jayden Durham,FS,ARI,2
Jayden Harrison,SS,TB,-1
Jaylen Kinney,ROLB,DET,8
Jaylin Davies,CB,MIA,-1
Jaylin Simpson,FS,TB,3
Jeff Woodson,LE,TB,3
Jeffrey M'ba,DT,JAX,5
Jelani Zuniga,LOLB,TB,-4
Jer'Vohn St. Clair,FS,DET,1
Jer'Zhan Newton,DT,CLE,6
Jeremiah Thompson,RE,DAL,-1
Jeremiah Trotter Jr.,LOLB,SEA,-3
Jeremiah Williams,ROLB,BAL,5
Jeremy Lawry,FS,NE,-3
Jeremy Mboup,DT,PIT,-1
Jermaine Canty,LE,GB,-1
Jermaine Harris,LOLB,PHI,-5
Jermaine Vannett,DT,SEA,2
Jett White,CB,NYG,-2
Jevon Holland,FS,CAR,-3
Joe Hall III,SS,MIN,0
Joe Long,ROLB,MIN,3
John Colvin,CB,DAL,9
John Powell,DT,MIN,-5
Jonathan Barber,DT,CIN,2
Jonathan Woodard,SS,MIA,-3
Jonathon Bayo,SS,CIN,-6
Jont'e Lashley Sr,DT,DEN,-1
Jontae Gilbert,CB,WAS,1
Jontae Russell Jr,RE,BUF,-4
Jordan Campbell,MLB,LAR,0
Jordan Carter,LE,MIA,8
Jordan Leonard,RE,JAX,1
Jordan Wyatt,ROLB,DAL,-3
Jordin Smallwood,FS,JAX,7
Jose Williams,DT,DET,2
Josh Keyes,CB,PHI,0
Josh Kincade,RE,WAS,4
Josh Morgan,CB,ATL,3
Josh Nestor,SS,NYG,-2
Josh Thurmond,CB,TEN,-4
Joshua Gibson,CB,CAR,-1
Joshua Penn III,CB,SF,0
Ju'jey Woods,RE,MIN,-4
Julian Spearman,SS,JAX,-3
Julius Grant,DT,WAS,-1
Julius Stoudemire,SS,PIT,-5
Julius Taylor Jr,MLB,DET,2
Julius Vanover,CB,MIA,-2
Junior Colson,MLB,LV,10
Justin Thomas,LOLB,LV,-3
Justin Williams,ROLB,LAR,-2
Kai Lincoln,DT,SEA,1
Kai Searcy,CB,DAL,2
Kainoa Winston,FS,GB,-4
Kaleb Elarms-Orr,ROLB,LV,-2
Kaleem Thomas,DT,CAR,1
Kamal Brooks,CB,GB,1
Kamarion Franklin,DT,WAS,-5
Kameron Weldon Jr,LOLB,GB,1
Kamran Jenkins,LOLB,IND,11
Karamba Kaba,CB,PIT,5
Kareem Burnett,DT,HOU,-3
Kaseem Calloway,DT,SEA,1
Kasey Gibson,LOLB,BAL,5
Kasey Irwin,CB,PHI,-4
KeMari Dunbar,DT,BAL,7
Kealen Singleton,CB,IND,1
Keanon Hyde,RE,GB,5
Keelan Atkinson,DT,CAR,1
Keelene Valentine,RE,CAR,-3
Keilan Roberts,RE,DEN,4
Keith Fiore,LOLB,NYJ,-1
Kelon Godwin,ROLB,IND,11
Kelvin Womack,RE,IND,3
Kendarius Reddick,FS,LAC,-3
Kennedy McDowell,ROLB,DET,0
Kenneth Stanton,FS,NO,2
Kenny Wimbley,RE,LAC,-3
Keon Young,SS,CHI,2
Keona Woodyard,DT,NE,-4
Kevin Haynes,FS,MIA,7
Kevin Huff,RE,KC,1
Kevin Peterson,SS,DAL,1
Kevin Robertson,CB,CLE,-2
Khadrel Strickland,SS,IND,-4
Khamari Terra,DT,CLE,0
Kirk Addison,CB,KC,1
Klay Cooks,RE,CAR,-4
Kobe Kibo,SS,NYJ,1
Koi Perich,SS,LAC,1
Korey Ramsey,MLB,CLE,6
Kurtis Stoutmire,FS,LV,-2
Kyle Coleman,LE,DEN,-1
Kyle Spellman,ROLB,PHI,2
Kyren Condoll,CB,PIT,-1
Kyrie Wallace,CB,TB,3
L'Dell Hambrick,SS,SEA,-3
LT Overton,LE,SF,6
LaDarius Richards,FS,PHI,-6
LaMarion Slater,RE,PHI,-4
Lagonza Hayward,SS,WAS,-2
Landon Hoskins,LE,DAL,-3
Lardaruis Thomas-Jones,SS,LV,4
Latrell McNeil,DT,BAL,-2
LeBron James,LE,SF,7
LeBron McKee,DT,ATL,-2
LeVar Waynes Jr,CB,LAR,0
Liam Kyle,SS,DEN,-1
Lloyd Cooper,MLB,TB,-3
Lloyd Neal,DT,WAS,-5
Lonnie McAllister,CB,GB,2
Luke Edmonds,ROLB,NO,8
M'lyke McCree,RE,GB,3
M.J. Jackson,CB,CIN,0
Ma'khi Jones,FS,MIA,-1
Maclin Newman,ROLB,SEA,-5
Madden Faraimo,MLB,HOU,-4
Makari Keenan,LOLB,CHI,8
Malachi Hood,ROLB,DEN,5
Malaki Starks,FS,GB,-2
Malik Autry,DT,IND,5
Malik James,CB,DAL,-1
Malik Meeks,MLB,ARI,2
Malik Wright,SS,ATL,-3
Maliki Su'a-Filo,ROLB,CHI,-4
Manny Lewis,MLB,SF,-4
Mantrez Walker,LOLB,KC,-1
Manu Almas,FS,LAR,2
Marcelis Foster,LE,WAS,2
Marcus Allen,CB,CAR,3
Marcus Bynes,LOLB,LV,3
Marcus Franklin,ROLB,ARI,-8
Marcus Gresham,CB,NYJ,-1
Marcus Harris,RE,LAC,-3
Marcus Idowu,CB,JAX,-2
Marcus Means,CB,CLE,9
Marcus Smith,LE,TEN,1
Marcus Washington,CB,BAL,-1
Mario Noel-Fowler,CB,LAC,1
Marion Bayless,LE,JAX,9
Marion McDonald,DT,DET,0
Markus Hardwick,SS,CIN,4
Marlon Ndiaye,LE,LAR,-3
Marquel Harris,ROLB,DEN,13
Marquis Bernard,CB,LV,0
Mason Burke,MLB,TB,-1
Matayo Uiagalelei,LE,MIN,-4
Matt Callahan,RE,PHI,3
Matt Callaway,LE,NO,-5
Matt Dobbins,FS,MIN,5
Matt Gentry,RE,ARI,1
Matt Pittman,CB,LAC,-5
Matt Singh,LOLB,MIA,-3
Matt Waters,CB,TB,-2
Matt Wilkins,SS,DEN,7
Matthew McDougle,CB,TB,2
Matthew Simpson,DT,NYJ,-5
Matthew Yarborough,FS,CLE,-2
Maurice Burgess,RE,ARI,-4
Max Edwards,LE,DEN,-2
Max Roseman,LOLB,NYJ,-2
Micah Branch,CB,HOU,-5
Michael Copeland,RE,SF,0
Michael Gaffney,RE,BAL,-1
Michael Willis,CB,CAR,-2
Mickey Vaccarello,MLB,MIA,4
Mike Conway,SS,PIT,9
Mike Lennon,CB,DAL,5
Mo Benton,DT,LV,2
Monte Posey,DT,BUF,-2
Montell Wilkins,DT,GB,-2
Moses Walker,MLB,DAL,4
Myles Ross,DT,LAR,-2
Mytorian Wright,MLB,BUF,3
Na'eem Lattimore,LE,NYJ,-3
Na'eem Offord,CB,IND,2
Najee Okpokowuruk,CB,NO,-1
Nasir Johnson,DT,GB,-4
Nate Alden,CB,KC,-2
Nate Blaylock,LE,KC,-3
Nate Favors,CB,CHI,2
Nathan Whiteside,CB,NYJ,9
Nathaniel Burgess,SS,HOU,3
Nazair Drummond,CB,DAL,4
Nick Burroughs,DT,CIN,-7
Nick Hawker,SS,SF,3
Nick Rivers,ROLB,KC,3
Nick Steen,ROLB,PHI,3
Nick Warner,MLB,CIN,4
Nikai McCoy,DT,TB,-2
Niles Parry,FS,LAC,2
Nolan Welch,RE,DAL,8
Ovie Benshaw,CB,BAL,-1
Parker Caldwell,ROLB,JAX,-2
Patrick Cleary,RE,NO,2
Patrick Godwin,LE,NE,-1
Percy Samuels,CB,NO,4
Pete Moore,DT,CHI,-4
Peter Woods,DT,LV,-2
Peyton Waters,SS,LAR,-1
Phillip Williams,SS,PHI,4
Pono Mahi'ai,FS,NYG,8
Quincey Avery,CB,HOU,-1
Quincey Foster,CB,LAR,1
Quincy Callahan,LE,DEN,7
Quincy Jones Jr,LE,BAL,2
Quincy Thurman,LOLB,NE,5
Quindario Milner,DT,PHI,0
Quinn Rafano,RE,NYG,-3
Quinton Davis Jr,MLB,MIN,-1
Raiden Auva'a,ROLB,ATL,2
Randy Sutton,SS,BAL,-1
Raphael Jacobs III,LOLB,BUF,-1
Rashaan Hall-Brisker,SS,JAX,-1
Rashaud Burnett,LOLB,ATL,-5
Rashaun Hunter,LE,CIN,-4
Rasheem Lewis,MLB,LAR,1
Ray'lyn Heyward,RE,MIA,-3
Raylen Wilson,LOLB,TEN,10
Reggie Hall,SS,BUF,1
Reggie Kilgore,LE,CLE,-1
Reid Nortman,LE,CIN,-3
River Falls,LOLB,BAL,0
Robert Coleman,ROLB,DET,2
Robert Telfer,DT,TB,-3
Rodney Dunham,LE,CLE,1
Romeo McCloud,FS,LV,-6
Ruben Moulton,LE,CAR,4
Rueben Bain Jr,LE,NE,2
Russ McCloud,DT,PIT,-1
Russell Miles,CB,TEN,-4
Ryan Goddard,MLB,CAR,-3
Ryan Yaites,FS,NYG,-1
Rykeem Booth,LE,PHI,2
Ryner Anae,LOLB,BUF,5
S'qon Polk,CB,ARI,-1
Sam Gentry,RE,SEA,-2
Sammy Brown,ROLB,NYJ,3
Sawyer Ross,RE,NE,3
Scotty Edwards,SS,LV,-2
Sean Gabriel,CB,DET,-2
Semaj Egbule,CB,PIT,4
Shamari Earls,CB,DEN,5
Shane Lee,MLB,PHI,4
Shaquille Glover,DT,GB,1
Shaquille Walford,RE,SF,-1
Sharif Denson,CB,CAR,3
Shaun Carroll,DT,LAC,-2
Shaval Peterson,CB,BAL,9
Shawn Murphy,MLB,BAL,4
Shawn Truman,DT,NO,-2
Sheridan Lewis,CB,BUF,3
Shonn Moss,SS,NYJ,3
Shuntori Beal,RE,SF,-4
Silas Hampton,ROLB,CAR,4
Smael Mondon,LOLB,WAS,4
Suntarine Perkins,LE,PIT,3
Sydir Mitchell,DT,CAR,-2
Syeed Ashmore,CB,NO,-5
TJ Chukwurah,RE,SEA,3
Ta'ita'i Kekoa,DT,NO,-4
Tackett Curtis,MLB,WAS,1
Tahj Carmichael,CB,ATL,-3
Tahj Hilton,DT,ARI,-4
Talanoa Ili,MLB,IND,-1
Tavares Reynolds,CB,SF,7
Tee Bodden,FS,CIN,1
Terrance Cadet,DT,CLE,-3
Terrance Campbell III,LE,NE,-1
Terrence Atkinson,CB,KC,1
Terrence Webster,DT,PHI,-3
Terrion Arnold,CB,CHI,7
Tevarua Fonseca,FS,IND,3
Tevin Cooper,ROLB,PIT,6
Tevin Richmond Jr,SS,TB,-4
Tevin Wilder,CB,ARI,-4
Thurman Weatherspoon,DT,SF,2
Tiquan Allen,CB,LAC,4
Tirell Felton,DT,NO,-4
Titan Davis,LE,JAX,6
Titus Lewis,CB,DEN,-2
Tory Main,MLB,CAR,4
Tramon Vincent Jr,FS,ARI,4
Travis Landry,DT,NO,-4
Travis Richardson,RE,DAL,-4
Trayvon Webber,LOLB,JAX,-9
Tre Barclay,LE,NO,-3
Tre Freeman,MLB,CHI,5
Tremaine Green,CB,PIT,5
Trent Porter,SS,CHI,-3
Trent Prince,DT,ARI,4
Trent Wesley,FS,IND,2
Trevor Pryor,RE,TB,3
Trey Spillman,CB,TB,4
Treyvon Rayford,SS,ARI,2
Troy Cooks,RE,KC,3
Tucker Cousins,LE,NO,-6
Tuli Matavao,DT,MIA,3
Turbo Saxton,CB,LV,1
Ty Cumberland,ROLB,TEN,-2
Ty Rutherford,CB,LV,1
Tyeler Blaylock,FS,HOU,2
Tyler Atkinson,MLB,PIT,6
Tyler Coleman,CB,NO,0
Tyler Davis,MLB,MIA,-6
Tyler Lambert,RE,HOU,-3
Tyler Northcutt Jr,CB,LV,-1
Tyrell Lockley Jr,LE,CHI,-2
Tyrell Stamper,FS,SF,1
Tyron Clark,SS,ARI,2
Tyrone Still,RE,LAR,3
Tyrone Thomas,RE,IND,5
Tyson Walters,LOLB,MIN,4
Tyson Wilson,LE,ATL,1
Vernon Fender,SS,DET,3
Vince Jones,DT,SF,-1
Walter Collins,LE,SEA,-2
Walter Nolen,DT,DAL,1
Warren Fairley,SS,DET,-3
Wayne Riddick,CB,TEN,-4
Wes VanBuren,DT,NYJ,2
Will Coleman,MLB,DEN,-6
Will Johnson,CB,BUF,1
William Echoles,DT,NE,3
Z'Kai Miller,FS,KC,1
Zach Webber,ROLB,LAC,4
Zachari Hayden,LE,NYG,-1
Zachary Tobe,FS,DEN,0
Zachry Harden,SS,CAR,7
Zahir Smith,LE,LAC,4
Zaire Dobbins,ROLB,CLE,-6
Zaire Franklin,DT,LAR,8
Zak Franklin,CB,NYG,0
Zamarion Johnson,CB,ARI,3
Zaquan Patterson,FS,BAL,-1
Zavier Holloway,MLB,TEN,2
Zaxel Westbrook,SS,JAX,2
Zay Borden,RE,NYG,5
Zay Gentry,CB,GB,-1
Zay Royster II,SS,KC,4
Zayden Walker,MLB,JAX,8
Zekai Saunders,MLB,CLE,-1
