Row,Position,FirstName_x,LastName_x,FullName,TeamPrefixName,RUSHYARDS,PASSYARDS,RECEIVEDROPS,RUSHYARDSAFTER1STHIT,RECEIVEYARDS,RECEIVELONGEST,DOWNSPLAYED,RECEIVEYARDSAFTER,STAT_KEEP,PASSCOMPLETED,RUSHATTEMPTS,PASSATTEMPTS,PASSINTS,RECEIVECATCHES,FIRSTDOWNS,RUSH20YARDRUNS,SEAS_YEAR,RUSHLONGEST,PASSLONGEST,RUSHBROKENTACKLES,4QCOMEBACKS,GAMERATING,PASSSACKED,PASSTDS,RECEIVETDS,GAMESPLAYED,GAMESSTARTED,RUSHFUMBLES,YEARBYYEARTEAMINDEX,RUSHTDS,FirstName_y,LastName_y,Row Excel,Row Editor,YearsPro,Age,TeamIndex,ContractStatus,TraitDevelopment,OverallRating,SkillPoints,RegressionPoints,TeamName_x,RatingTier,ScrimmageYardsPer1000DownsPlayed,RBScrimmageYardsPer300Touches,RBScrimmageTDsPerGame,TDsPer1000DownsPlayed,TeamName_y,SkillPointOff
0,HB,Chuba,Hubbard,Chuba Hubbard,CAR,476,0,2,18,143,14,483,38,True,0,137,0,0,28,0,0,0,21,0,2,0,0,0,0,0,12,5,1,20,2,Chuba,Hubbard,1323.0,1321.0,2.0,24.0,20.0,Signed,Star,76.0,0.0,0.0,CAR,tier_4,1281.5734989648033,990.2545454545455,0.16666666666666666,4.140786749482402,CAR,-5.0
1,WR,Terrace,Marshall Jr,Terrace Marshall Jr,CAR,0,0,1,0,363,64,421,58,True,0,0,0,0,30,0,0,0,0,0,0,0,0,0,0,1,14,5,1,20,0,Terrace,Marshall Jr,1802.0,1800.0,2.0,23.0,20.0,Signed,Normal,72.0,0.0,0.0,CAR,tier_5,862.2327790973872,1742.3999999999996,0.07142857142857142,2.375296912114014,CAR,-1.0
2,WR,D.J.,Chark Jr,D.J. Chark Jr,CAR,0,0,2,0,457,47,601,86,True,0,0,0,0,34,0,0,0,0,0,0,0,0,0,0,3,10,8,0,20,0,D.J.,Chark Jr,487.0,485.0,5.0,26.0,20.0,Signed,Normal,76.0,0.0,0.0,CAR,tier_4,760.3993344425957,1935.5294117647056,0.3,4.9916805324459235,CAR,-3.0
7,QB,Bryce,Young,Bryce Young,CAR,177,2444,0,13,0,0,789,0,True,265,32,423,14,0,0,0,0,26,48,1,0,0,36,14,0,15,11,5,20,0,Bryce,Young,3173.0,3171.0,0.0,22.0,20.0,Signed,Normal,72.0,0.0,0.0,CAR,tier_5,224.33460076045628,1659.375,0.0,0.0,,
8,WR,Jonathan,Mingo,Jonathan Mingo,CAR,0,0,0,0,549,40,754,122,True,0,0,0,0,47,0,0,0,0,0,0,0,0,0,0,4,15,12,0,20,0,Jonathan,Mingo,1946.0,1944.0,0.0,22.0,20.0,Signed,Normal,71.0,0.0,0.0,CAR,tier_5,728.1167108753316,1682.0425531914893,0.26666666666666666,5.305039787798409,CAR,-2.0
9,HB,Alvin,Kamara,Alvin Kamara,NO,791,0,3,151,388,25,668,98,True,0,193,0,0,59,0,3,0,78,0,5,0,0,0,0,2,13,13,0,26,5,Alvin,Kamara,1581.0,1579.0,6.0,28.0,26.0,Signed,Superstar,86.0,0.0,0.0,NO,tier_2,1764.9700598802397,1163.3809523809523,0.5384615384615384,10.479041916167663,NO,-2.0
10,TE,Ian,Thomas,Ian Thomas,CAR,0,0,0,0,204,28,492,101,True,0,0,0,0,25,0,0,0,0,0,0,0,0,0,0,0,12,6,0,20,0,Ian,Thomas,2773.0,2771.0,5.0,27.0,20.0,Signed,Normal,71.0,0.0,0.0,CAR,tier_5,414.6341463414634,1175.0400000000002,0.0,0.0,CAR,-4.0
11,WR,Rashee,Rice,Rashee Rice,KC,-3,0,0,0,852,39,643,217,True,0,1,0,0,75,0,0,0,0,0,0,0,0,0,0,6,16,10,0,8,0,Rashee,Rice,2361.0,2359.0,0.0,23.0,8.0,Signed,Normal,74.0,0.0,0.0,KC,tier_5,1320.3732503888025,1602.4736842105265,0.375,9.33125972006221,KC,8.0
12,QB,Gardner,Minshew II,Gardner Minshew II,IND,108,3236,0,0,0,0,882,0,True,296,41,463,12,0,0,0,0,17,75,0,0,0,36,23,0,16,12,7,9,2,Gardner,Minshew II,1947.0,1945.0,4.0,27.0,9.0,Signed,Normal,69.0,0.0,0.0,IND,tier_6,122.44897959183673,790.2439024390244,0.125,2.2675736961451247,,
13,WR,Kadarius,Toney,Kadarius Toney,KC,-5,0,0,0,356,59,342,82,True,0,6,1,0,35,0,0,0,3,0,0,0,0,0,0,2,13,6,1,8,0,Kadarius,Toney,2825.0,2823.0,2.0,24.0,8.0,Signed,Normal,75.0,0.0,0.0,KC,tier_4,1026.3157894736844,1213.7560975609756,0.15384615384615385,5.847953216374268,KC,1.0
14,WR,Isaiah,McKenzie,Isaiah McKenzie,IND,17,0,3,0,427,26,480,126,True,0,4,0,0,37,0,0,0,7,0,0,0,0,0,0,4,16,7,2,9,0,Isaiah,McKenzie,1884.0,1882.0,6.0,28.0,9.0,Signed,Normal,76.0,0.0,0.0,IND,tier_4,925.0,1624.0975609756097,0.25,8.333333333333334,IND,3.0
17,WR,Trenton,Irwin,Trenton Irwin,CIN,0,0,3,0,273,25,349,76,True,0,0,0,0,25,0,0,0,0,0,0,0,0,0,0,0,15,5,2,1,0,Trenton,Irwin,1377.0,1375.0,3.0,27.0,1.0,Signed,Normal,71.0,0.0,0.0,CIN,tier_5,782.2349570200573,1572.48,0.0,0.0,CIN,-4.0
19,WR,Ja'Marr,Chase,Ja'Marr Chase,CIN,-5,0,1,0,1208,63,851,105,True,0,4,0,0,99,0,0,0,2,0,0,0,0,0,0,8,14,14,1,1,0,Ja'Marr,Chase,491.0,489.0,2.0,23.0,1.0,Signed,XFactor,91.0,0.0,0.0,CIN,tier_1,1413.6310223266746,1674.2912621359226,0.5714285714285714,9.400705052878966,CIN,3.0
21,WR,Tee,Higgins,Tee Higgins,CIN,0,0,0,0,770,33,751,209,True,0,0,0,0,64,0,0,0,0,0,0,0,0,0,0,5,14,13,0,1,0,Tee,Higgins,1243.0,1241.0,3.0,24.0,1.0,Signed,Star,86.0,0.0,0.0,CIN,tier_2,1025.2996005326231,1732.4999999999998,0.35714285714285715,6.657789613848202,CIN,0.0
22,QB,Joe,Burrow,Joe Burrow,CIN,74,2461,0,0,0,0,630,0,True,258,29,386,5,0,0,0,0,20,63,0,0,0,19,15,0,10,10,1,1,0,Joe,Burrow,395.0,393.0,3.0,26.0,1.0,Signed,XFactor,92.0,0.0,0.0,CIN,tier_1,117.46031746031746,765.5172413793105,0.0,0.0,,
23,TE,Irv,Smith Jr,Irv Smith Jr,CIN,0,0,2,0,278,21,689,95,True,0,0,0,0,35,0,0,0,0,0,0,0,0,0,0,1,13,12,1,1,0,Irv,Smith Jr,2581.0,2579.0,4.0,25.0,1.0,Signed,Normal,73.0,0.0,0.0,CIN,tier_5,403.48330914368654,1143.7714285714287,0.07692307692307693,1.4513788098693758,CIN,-4.0
27,QB,Patrick,Mahomes,Patrick Mahomes,KC,405,4579,0,50,0,0,1039,0,True,411,75,579,12,0,0,2,0,34,71,2,0,0,22,30,0,16,16,7,8,3,Patrick,Mahomes,1790.0,1788.0,6.0,27.0,8.0,Signed,XFactor,99.0,0.0,0.0,KC,tier_0,389.7978825794033,1620.0,0.1875,2.8873917228103942,,
28,WR,Diontae,Johnson,Diontae Johnson,PIT,3,0,0,0,745,39,599,135,True,0,2,0,0,54,0,0,0,3,0,1,0,0,0,0,2,12,11,0,28,0,Diontae,Johnson,1471.0,1469.0,4.0,27.0,28.0,Signed,Star,83.0,0.0,0.0,PIT,tier_3,1248.7479131886475,1931.7857142857142,0.16666666666666666,3.33889816360601,PIT,2.0
31,WR,Allen,Robinson II,Allen Robinson II,PIT,0,0,5,0,406,74,619,97,True,0,0,0,0,34,0,0,0,0,0,1,0,0,0,0,0,14,14,0,28,0,Allen,Robinson II,2386.0,2384.0,9.0,30.0,28.0,Signed,Star,78.0,0.0,0.0,PIT,tier_4,655.896607431341,1719.5294117647059,0.0,0.0,PIT,-6.0
32,QB,C.J.,Stroud,C.J. Stroud,HOU,140,4727,0,0,0,0,1075,0,True,361,41,556,6,1,0,0,0,12,75,0,0,0,39,27,0,16,16,7,31,2,C.J.,Stroud,2703.0,2701.0,0.0,21.0,31.0,Signed,Normal,72.0,0.0,0.0,HOU,tier_5,130.2325581395349,1000.0,0.125,1.86046511627907,,
34,HB,Dameon,Pierce,Dameon Pierce,HOU,652,0,2,91,248,27,478,117,True,0,198,0,0,26,0,1,0,41,0,9,0,0,0,0,0,13,13,0,31,5,Dameon,Pierce,2239.0,2237.0,1.0,23.0,31.0,Signed,Normal,81.0,0.0,0.0,HOU,tier_3,1882.8451882845188,1032.642857142857,0.38461538461538464,10.460251046025103,HOU,-4.0
38,WR,Christian,Kirk,Christian Kirk,JAX,6,-1,0,0,1058,45,901,209,True,1,1,1,0,84,0,0,0,6,0,0,0,0,0,0,6,16,16,1,16,0,Christian,Kirk,1623.0,1621.0,5.0,26.0,16.0,Signed,Star,85.0,0.0,0.0,JAX,tier_2,1180.9100998890124,1813.5529411764703,0.375,6.659267480577136,JAX,0.0
39,WR,Calvin,Ridley,Calvin Ridley,JAX,12,0,1,0,807,32,920,179,True,0,5,0,0,68,0,0,0,11,0,0,0,0,0,0,4,16,16,1,16,0,Calvin,Ridley,2367.0,2365.0,5.0,28.0,16.0,Signed,Star,85.0,0.0,0.0,JAX,tier_2,890.2173913043479,1641.205479452055,0.25,4.3478260869565215,JAX,-4.0
43,WR,Alec,Pierce,Alec Pierce,IND,1,0,1,0,330,38,713,31,True,0,1,0,0,23,0,0,0,1,0,0,0,0,0,0,0,16,12,0,9,0,Alec,Pierce,2238.0,2236.0,1.0,23.0,9.0,Signed,Normal,73.0,0.0,0.0,IND,tier_5,464.23562412342216,1992.5,0.0,0.0,IND,-6.0
44,TE,Travis,Kelce,Travis Kelce,KC,0,0,0,0,986,58,903,164,True,0,0,0,0,88,0,0,0,0,0,1,0,0,0,0,6,15,15,0,8,0,Travis,Kelce,1595.0,1593.0,10.0,33.0,8.0,Signed,XFactor,99.0,0.0,0.0,KC,tier_0,1091.9158361018826,1613.4545454545455,0.4,6.644518272425249,KC,1.0
45,HB,Zack,Moss,Zack Moss,IND,730,0,2,21,163,26,580,35,True,0,164,0,0,21,0,1,0,56,0,1,0,0,0,0,1,15,8,0,9,6,Zack,Moss,2009.0,2007.0,3.0,25.0,9.0,Signed,Star,79.0,0.0,0.0,IND,tier_4,1539.655172413793,1310.6594594594594,0.4666666666666667,12.068965517241379,IND,3.0
46,HB,Jonathan,Taylor,Jonathan Taylor,IND,693,0,2,139,259,40,448,117,True,0,158,0,0,35,0,4,0,57,0,6,0,0,0,0,2,11,9,0,9,4,Jonathan,Taylor,2745.0,2743.0,3.0,24.0,9.0,Signed,Superstar,86.0,0.0,0.0,IND,tier_2,2125.0,1270.445595854922,0.5454545454545454,13.392857142857142,IND,1.0
47,HB,Isiah,Pacheco,Isiah Pacheco,KC,928,0,1,44,315,33,601,123,True,0,239,0,0,44,0,1,0,49,0,2,0,0,0,0,1,16,15,2,8,6,Isiah,Pacheco,2162.0,2160.0,1.0,23.0,8.0,Signed,Star,82.0,0.0,0.0,KC,tier_3,2068.2196339434277,1144.0282685512368,0.4375,11.647254575707155,KC,-5.0
48,WR,D.J.,Moore,D.J. Moore,CHI,14,0,0,0,1250,58,979,204,True,0,4,0,0,92,0,0,0,7,0,2,0,0,0,0,6,16,16,1,0,0,D.J.,Moore,1980.0,1978.0,5.0,26.0,0.0,Signed,Superstar,88.0,0.0,0.0,CHI,tier_2,1291.1133810010213,1918.75,0.375,6.1287027579162405,CHI,2.0
49,HB,Isaiah,Spiller,Isaiah Spiller,LAC,399,0,1,110,111,12,331,68,True,0,113,0,0,14,0,2,0,51,0,5,0,0,0,0,0,13,6,0,7,0,Isaiah,Spiller,2647.0,2645.0,1.0,22.0,7.0,Signed,Star,74.0,0.0,0.0,LAC,tier_5,1540.7854984894261,1068.3779527559054,0.0,0.0,LAC,-3.0
53,TE,Michael,Mayer,Michael Mayer,LV,0,0,2,0,389,32,902,140,True,0,0,0,0,44,0,0,0,0,0,0,0,0,0,0,3,16,14,0,22,0,Michael,Mayer,1833.0,1831.0,0.0,22.0,22.0,Signed,Normal,73.0,0.0,0.0,LV,tier_5,431.2638580931264,1273.090909090909,0.1875,3.3259423503325944,LV,-2.0
54,QB,Derek,Carr,Derek Carr,NO,122,3720,0,40,0,0,949,0,True,361,40,545,9,0,0,1,0,45,58,2,0,0,34,22,0,15,15,7,26,0,Derek,Carr,455.0,453.0,9.0,32.0,26.0,Signed,Normal,74.0,0.0,0.0,NO,tier_5,128.5563751317176,915.0,0.0,0.0,,
58,HB,Josh,Jacobs,Josh Jacobs,LV,975,0,1,83,391,26,803,113,True,0,293,0,0,42,0,2,0,32,0,7,0,0,0,0,1,16,16,3,22,7,Josh,Jacobs,1417.0,1415.0,4.0,25.0,22.0,Signed,XFactor,92.0,0.0,0.0,LV,tier_1,1701.120797011208,1041.2059701492537,0.5,9.962640099626402,LV,-10.0
59,WR,Jakobi,Meyers,Jakobi Meyers,LV,17,0,0,0,893,25,929,207,True,0,2,0,0,77,0,0,0,17,0,0,0,0,0,0,6,15,15,0,22,1,Jakobi,Meyers,1926.0,1924.0,4.0,26.0,22.0,Signed,Star,82.0,0.0,0.0,LV,tier_3,979.5479009687837,1692.3037974683543,0.4666666666666667,7.534983853606028,LV,2.0
60,WR,Hunter,Renfrow,Hunter Renfrow,LV,0,0,2,0,585,29,578,202,True,0,0,0,0,46,0,0,0,0,0,0,0,0,0,0,1,16,9,0,22,0,Hunter,Renfrow,2348.0,2346.0,4.0,27.0,22.0,Signed,Star,79.0,0.0,0.0,LV,tier_4,1012.1107266435987,1831.304347826087,0.0625,1.7301038062283738,LV,-2.0
61,TE,Austin,Hooper,Austin Hooper,LV,0,0,0,0,210,20,505,52,True,0,0,0,0,24,0,0,0,0,0,0,0,0,0,0,1,16,4,0,22,0,Austin,Hooper,1297.0,1295.0,7.0,28.0,22.0,Signed,Normal,72.0,0.0,0.0,LV,tier_5,415.8415841584158,1260.0,0.0625,1.9801980198019802,LV,-3.0
64,TE,Noah,Gray,Noah Gray,KC,1,0,1,0,258,34,536,32,True,0,1,0,0,24,0,0,0,1,0,0,0,0,0,0,3,16,5,0,8,0,Noah,Gray,1059.0,1057.0,2.0,24.0,8.0,Signed,Normal,70.0,0.0,0.0,KC,tier_5,483.2089552238806,1498.08,0.1875,5.597014925373134,KC,0.0
66,QB,Russell,Wilson,Russell Wilson,DEN,270,3763,0,0,0,0,1028,0,True,352,56,516,9,0,0,0,0,21,60,0,0,0,42,29,0,16,16,9,3,2,Russell,Wilson,3099.0,3097.0,11.0,34.0,3.0,Signed,Star,77.0,0.0,0.0,DEN,tier_4,262.6459143968872,1446.4285714285713,0.125,1.9455252918287937,,
70,WR,DeVonta,Smith,DeVonta Smith,PHI,3,0,0,0,746,63,831,85,True,0,1,0,0,56,0,0,0,3,0,0,0,0,0,0,5,13,13,0,12,0,DeVonta,Smith,2589.0,2587.0,2.0,24.0,12.0,Signed,Star,88.0,0.0,0.0,PHI,tier_2,901.323706377858,1900.421052631579,0.38461538461538464,6.016847172081829,PHI,-3.0
71,HB,Kenneth,Gainwell,Kenneth Gainwell,PHI,494,0,0,140,105,17,419,12,True,0,118,0,0,20,0,4,0,34,0,7,0,0,0,0,0,15,3,3,12,10,Kenneth,Gainwell,962.0,960.0,2.0,24.0,12.0,Signed,Normal,76.0,0.0,0.0,PHI,tier_4,1429.5942720763724,1183.4782608695652,0.6666666666666666,23.86634844868735,PHI,1.0
72,QB,Jalen,Hurts,Jalen Hurts,PHI,505,4045,0,39,0,0,1095,0,True,356,135,514,11,0,0,2,0,26,63,3,0,0,35,24,0,16,16,5,12,11,Jalen,Hurts,1357.0,1355.0,3.0,25.0,12.0,Signed,XFactor,88.0,0.0,0.0,PHI,tier_2,461.1872146118721,1122.2222222222222,0.6875,10.045662100456621,,
74,WR,A.J.,Brown,A.J. Brown,PHI,0,0,0,0,1529,63,1076,195,True,0,0,0,0,104,0,0,0,0,0,3,0,0,0,0,8,16,16,0,12,0,A.J.,Brown,333.0,331.0,4.0,26.0,12.0,Signed,XFactor,93.0,0.0,0.0,PHI,tier_1,1421.003717472119,2117.076923076923,0.5,7.434944237918216,PHI,2.0
75,TE,Tyler,Conklin,Tyler Conklin,NYJ,0,0,1,0,581,37,904,147,True,0,0,0,0,56,0,0,0,0,0,0,0,0,0,0,1,16,13,0,17,0,Tyler,Conklin,558.0,556.0,5.0,28.0,17.0,Signed,Star,78.0,0.0,0.0,NYJ,tier_4,642.6991150442478,1493.9999999999998,0.0625,1.1061946902654867,NYJ,-3.0
76,WR,Allen,Lazard,Allen Lazard,NYJ,0,0,0,0,834,57,929,193,True,0,1,0,0,61,0,0,0,0,0,0,0,0,0,0,3,16,16,0,17,0,Allen,Lazard,1689.0,1687.0,5.0,27.0,17.0,Signed,Normal,79.0,0.0,0.0,NYJ,tier_4,897.7395048439182,1937.032258064516,0.1875,3.2292787944025836,NYJ,-2.0
81,TE,Jake,Ferguson,Jake Ferguson,DAL,0,0,2,0,576,61,952,99,True,0,0,0,0,56,0,0,0,0,0,0,0,0,0,0,5,16,15,0,10,0,Jake,Ferguson,872.0,870.0,1.0,24.0,10.0,Signed,Normal,73.0,0.0,0.0,DAL,tier_5,605.0420168067227,1481.1428571428573,0.3125,5.2521008403361344,DAL,3.0
86,WR,CeeDee,Lamb,CeeDee Lamb,DAL,33,0,0,0,1530,60,895,195,True,0,4,0,0,104,0,0,0,12,0,1,0,0,0,0,8,16,16,2,10,0,CeeDee,Lamb,1660.0,1658.0,3.0,24.0,10.0,Signed,Superstar,90.0,0.0,0.0,DAL,tier_1,1746.368715083799,2131.6666666666665,0.5,8.938547486033519,DAL,3.0
89,HB,Jerick,McKinnon,Jerick McKinnon,KC,178,0,3,36,277,27,527,101,True,0,49,0,0,35,0,1,0,30,0,4,0,0,0,0,5,16,7,0,8,5,Jerick,McKinnon,1891.0,1889.0,9.0,31.0,8.0,Signed,Normal,78.0,0.0,0.0,KC,tier_4,863.3776091081594,1110.5714285714287,0.625,18.975332068311193,KC,0.0
91,WR,Noah,Brown,Noah Brown,HOU,-1,0,3,0,623,75,464,125,True,0,1,0,0,39,0,0,0,0,0,0,0,0,0,0,3,12,4,0,31,0,Noah,Brown,357.0,355.0,6.0,27.0,31.0,Signed,Normal,74.0,0.0,0.0,HOU,tier_5,1340.5172413793102,2235.2999999999997,0.25,6.4655172413793105,HOU,6.0
92,WR,Zay,Flowers,Zay Flowers,BAL,21,0,1,0,735,52,979,105,True,0,8,0,0,70,0,0,0,6,0,0,0,0,0,0,7,16,16,0,24,0,Zay,Flowers,895.0,893.0,0.0,22.0,24.0,Signed,Star,79.0,0.0,0.0,BAL,tier_4,772.2165474974464,1437.6923076923076,0.4375,7.150153217568948,BAL,-2.0
94,TE,Isaiah,Likely,Isaiah Likely,BAL,0,0,0,0,266,54,600,68,True,0,0,0,0,24,0,0,0,0,0,1,0,0,0,0,1,16,9,0,24,0,Isaiah,Likely,1728.0,1726.0,1.0,23.0,24.0,Signed,Star,72.0,0.0,0.0,BAL,tier_5,443.33333333333337,1595.9999999999998,0.0625,1.6666666666666667,BAL,-3.0
95,WR,Rashod,Bateman,Rashod Bateman,BAL,18,0,0,0,383,29,534,88,True,0,1,0,0,34,0,0,0,18,0,0,0,0,0,0,3,13,4,0,24,0,Rashod,Bateman,169.0,167.0,2.0,23.0,24.0,Signed,Normal,78.0,0.0,0.0,BAL,tier_4,750.9363295880149,1730.057142857143,0.23076923076923078,5.617977528089887,BAL,-3.0
114,HB,Tyjae,Spears,Tyjae Spears,TEN,250,0,0,0,165,48,350,28,True,0,52,0,0,25,0,0,0,23,0,1,0,0,0,0,0,16,1,0,29,2,Tyjae,Spears,2638.0,2636.0,0.0,22.0,29.0,Signed,Normal,76.0,0.0,0.0,TEN,tier_4,1185.7142857142858,1282.5974025974024,0.125,5.714285714285714,TEN,0.0
118,TE,Chigoziem,Okonkwo,Chigoziem Okonkwo,TEN,4,0,0,0,574,22,953,215,True,0,1,0,0,69,0,0,0,4,0,0,0,0,0,0,1,16,14,0,29,0,Chigoziem,Okonkwo,2115.0,2113.0,1.0,23.0,29.0,Signed,Star,71.0,0.0,0.0,TEN,tier_5,606.5057712486883,1197.942857142857,0.0625,1.0493179433368311,TEN,-1.0
119,WR,Treylon,Burks,Treylon Burks,TEN,14,0,3,0,483,70,637,160,True,0,2,0,0,39,0,0,0,9,0,0,0,0,0,0,2,12,12,0,29,0,Treylon,Burks,388.0,386.0,1.0,23.0,29.0,Signed,Normal,75.0,0.0,0.0,TEN,tier_4,780.2197802197802,1798.8292682926829,0.16666666666666666,3.1397174254317113,TEN,-4.0
120,WR,Nick,Westbrook-Ikhine,Nick Westbrook-Ikhine,TEN,2,0,2,0,570,33,645,109,True,0,1,0,0,44,0,0,0,2,0,0,0,0,0,0,5,16,11,0,29,0,Nick,Westbrook-Ikhine,3000.0,2998.0,3.0,26.0,29.0,Signed,Normal,72.0,0.0,0.0,TEN,tier_5,886.8217054263566,1837.333333333333,0.3125,7.751937984496124,TEN,2.0
122,HB,Derrick,Henry,Derrick Henry,TEN,1066,2,1,142,290,46,686,112,True,1,256,2,0,34,0,4,0,63,2,5,0,0,0,1,1,16,16,1,29,8,Derrick,Henry,1216.0,1214.0,7.0,29.0,29.0,Signed,XFactor,95.0,0.0,0.0,TEN,tier_0,1976.6763848396502,1246.7586206896553,0.5625,13.119533527696793,TEN,-6.0
123,QB,Ryan,Tannehill,Ryan Tannehill,TEN,110,2750,0,0,0,0,787,0,True,247,36,396,17,0,0,0,0,13,70,0,0,0,36,8,0,13,13,4,29,2,Ryan,Tannehill,2729.0,2727.0,11.0,35.0,29.0,Signed,Normal,72.0,0.0,0.0,TEN,tier_5,139.7712833545108,916.6666666666666,0.15384615384615385,2.5412960609911055,,
125,WR,Amon-Ra,St. Brown,Amon-Ra St. Brown,DET,11,0,0,0,1191,52,930,152,True,0,3,0,0,94,0,0,0,4,0,0,0,0,0,0,8,14,14,1,18,0,Amon-Ra,St. Brown,2654.0,2652.0,2.0,23.0,18.0,Signed,Superstar,89.0,0.0,0.0,DET,tier_2,1292.47311827957,1802.103092783505,0.5714285714285714,8.602150537634408,DET,4.0
126,WR,K.J.,Osborn,K.J. Osborn,MIN,3,0,1,0,837,55,849,147,True,0,2,0,0,62,0,0,0,2,0,0,0,0,0,0,3,16,15,0,30,1,K.J.,Osborn,2143.0,2141.0,3.0,26.0,30.0,Signed,Star,76.0,0.0,0.0,MIN,tier_4,989.3992932862191,1897.3125,0.25,4.7114252061248525,MIN,1.0
127,WR,Justin,Jefferson,Justin Jefferson,MIN,0,0,0,0,868,52,582,115,True,0,2,0,0,61,0,0,0,0,0,0,0,0,0,0,4,10,10,1,30,1,Justin,Jefferson,1433.0,1431.0,3.0,24.0,30.0,Signed,XFactor,98.0,0.0,0.0,MIN,tier_0,1491.4089347079039,1984.0,0.5,8.591065292096221,MIN,1.0
129,HB,Alexander,Mattison,Alexander Mattison,MIN,1041,0,0,252,232,47,704,74,True,0,239,0,0,35,0,6,0,51,0,6,0,0,0,0,3,16,16,1,30,5,Alexander,Mattison,1828.0,1826.0,4.0,25.0,30.0,Signed,Normal,77.0,0.0,0.0,MIN,tier_4,1808.2386363636365,1261.7080291970804,0.5,11.363636363636363,MIN,5.0
137,WR,JuJu,Smith-Schuster,JuJu Smith-Schuster,NE,0,0,0,0,665,24,687,162,True,0,0,0,0,59,0,0,0,0,0,0,0,0,0,0,3,14,10,0,21,0,JuJu,Smith-Schuster,2625.0,2623.0,6.0,26.0,21.0,Signed,Star,79.0,0.0,0.0,NE,tier_4,967.9767103347889,1623.050847457627,0.21428571428571427,4.366812227074235,NE,1.0
138,WR,DeVante,Parker,DeVante Parker,NE,0,0,1,0,439,22,575,106,True,0,0,0,0,37,0,0,0,0,0,0,0,0,0,0,0,11,11,0,21,0,DeVante,Parker,2174.0,2172.0,8.0,30.0,21.0,Signed,Star,80.0,0.0,0.0,NE,tier_3,763.4782608695652,1708.5405405405404,0.0,0.0,NE,-7.0
140,WR,Puka,Nacua,Puka Nacua,LAR,4,0,0,0,1246,37,936,168,True,0,2,0,0,96,0,0,0,4,0,0,0,0,0,0,5,16,16,1,23,0,Puka,Nacua,2044.0,2042.0,0.0,22.0,23.0,Signed,Star,79.0,0.0,0.0,LAR,tier_4,1335.4700854700855,1843.1020408163263,0.3125,5.3418803418803416,LAR,4.0
142,HB,Kyren,Williams,Kyren Williams,LAR,832,0,2,101,173,20,584,62,True,0,190,0,0,24,0,2,0,54,0,7,0,0,0,0,1,12,11,1,23,10,Kyren,Williams,3057.0,3055.0,1.0,23.0,23.0,Signed,Star,72.0,0.0,0.0,LAR,tier_5,1720.890410958904,1282.7663551401868,0.9166666666666666,18.835616438356162,LAR,11.0
143,WR,Tutu,Atwell,Tutu Atwell,LAR,35,0,1,0,509,44,653,45,True,0,4,0,0,44,0,0,0,22,0,0,0,0,0,0,4,13,13,0,23,0,Tutu,Atwell,106.0,104.0,2.0,23.0,23.0,Signed,Normal,74.0,0.0,0.0,LAR,tier_5,833.0781010719755,1745.75,0.3076923076923077,6.1255742725880555,LAR,2.0
145,TE,Sam,LaPorta,Sam LaPorta,DET,0,0,1,0,828,45,1052,190,True,0,0,0,0,83,0,0,0,0,0,3,0,0,0,0,6,16,14,0,18,0,Sam,LaPorta,1673.0,1671.0,0.0,22.0,18.0,Signed,Superstar,74.0,0.0,0.0,DET,tier_5,787.0722433460076,1436.5301204819277,0.375,5.7034220532319395,DET,6.0
147,QB,Matthew,Stafford,Matthew Stafford,LAR,145,4020,0,25,0,0,978,0,True,333,37,515,11,0,0,1,0,27,49,1,0,0,28,18,0,15,15,3,23,3,Matthew,Stafford,2655.0,2653.0,14.0,35.0,23.0,Signed,Normal,79.0,0.0,0.0,LAR,tier_4,148.26175869120655,1175.6756756756756,0.2,3.067484662576687,,
148,TE,Tyler,Higbee,Tyler Higbee,LAR,0,0,1,0,495,33,799,111,True,0,0,0,0,46,0,0,0,0,0,2,0,0,0,0,2,13,13,0,23,0,Tyler,Higbee,1240.0,1238.0,7.0,30.0,23.0,Signed,Star,82.0,0.0,0.0,LAR,tier_3,619.5244055068836,1549.5652173913043,0.15384615384615385,2.5031289111389237,LAR,-3.0
149,QB,Josh,Allen,Josh Allen,BUF,397,4395,0,38,0,0,1030,0,True,409,84,608,19,0,0,1,0,45,74,1,0,0,28,28,0,16,16,9,2,8,Josh,Allen,51.0,49.0,5.0,27.0,2.0,Signed,XFactor,94.0,0.0,0.0,BUF,tier_1,385.43689320388347,1417.857142857143,0.5,7.766990291262136,,
150,WR,Gabe,Davis,Gabe Davis,BUF,-2,0,2,0,770,40,958,109,True,0,1,0,0,62,0,0,0,0,0,0,0,0,0,0,6,16,16,1,2,0,Gabe,Davis,656.0,654.0,3.0,24.0,2.0,Signed,Star,84.0,0.0,0.0,BUF,tier_3,801.6701461377871,1750.4761904761904,0.375,6.263048016701462,BUF,0.0
151,TE,Dawson,Knox,Dawson Knox,BUF,0,0,1,0,315,35,628,51,True,0,0,0,0,30,0,0,0,0,0,1,0,0,0,0,2,12,12,0,2,0,Dawson,Knox,1633.0,1631.0,4.0,26.0,2.0,Signed,Star,83.0,0.0,0.0,BUF,tier_3,501.59235668789813,1512.0,0.16666666666666666,3.1847133757961785,BUF,-4.0
152,WR,Trent,Sherfield,Trent Sherfield,BUF,0,0,0,0,331,20,539,121,True,0,0,0,0,34,0,0,0,0,0,0,0,0,0,0,1,16,1,0,2,0,Trent,Sherfield,2533.0,2531.0,5.0,27.0,2.0,Signed,Normal,72.0,0.0,0.0,BUF,tier_5,614.100185528757,1401.8823529411764,0.0625,1.8552875695732838,BUF,-4.0
154,HB,Latavius,Murray,Latavius Murray,BUF,326,0,0,60,97,22,326,15,True,0,79,0,0,15,0,1,0,57,0,3,0,0,0,0,0,16,6,0,2,3,Latavius,Murray,2033.0,2031.0,10.0,32.0,2.0,Signed,Normal,75.0,0.0,0.0,BUF,tier_4,1297.5460122699387,1189.0212765957447,0.1875,9.202453987730062,BUF,-1.0
155,WR,Stefon,Diggs,Stefon Diggs,BUF,0,0,0,0,1197,72,926,232,True,0,0,0,0,103,0,0,0,0,0,1,0,0,0,0,8,15,15,1,2,0,Stefon,Diggs,708.0,706.0,8.0,29.0,2.0,Signed,XFactor,95.0,0.0,0.0,BUF,tier_0,1292.656587473002,1673.4757281553398,0.5333333333333333,8.639308855291578,BUF,0.0
158,HB,Breece,Hall,Breece Hall,NYJ,1022,0,3,200,330,50,557,121,True,0,206,0,0,40,0,4,0,83,0,9,0,0,0,0,2,15,15,5,17,4,Breece,Hall,1100.0,1098.0,1.0,22.0,17.0,Signed,Superstar,86.0,0.0,0.0,NYJ,tier_2,2427.2890484739673,1439.5121951219514,0.4,10.771992818671455,NYJ,-1.0
162,QB,Zach,Wilson,Zach Wilson,NYJ,197,3115,0,26,0,0,887,0,True,296,45,470,10,0,0,1,0,30,68,1,0,0,47,12,0,14,13,10,17,0,Zach,Wilson,3101.0,3099.0,2.0,24.0,17.0,Signed,Normal,69.0,0.0,0.0,NYJ,tier_6,222.09695603156706,1313.3333333333335,0.0,0.0,,
163,WR,Josh,Reynolds,Josh Reynolds,DET,0,0,0,0,676,47,720,84,True,0,0,0,0,44,0,0,0,0,0,0,0,0,0,0,6,13,11,1,18,0,Josh,Reynolds,2351.0,2349.0,6.0,28.0,18.0,Signed,Normal,78.0,0.0,0.0,DET,tier_4,938.8888888888889,2212.363636363636,0.46153846153846156,8.333333333333334,DET,3.0
164,TE,Evan,Engram,Evan Engram,JAX,0,0,1,0,777,34,985,188,True,0,0,0,0,85,0,0,0,0,0,0,0,0,0,0,3,16,15,2,16,0,Evan,Engram,819.0,817.0,6.0,28.0,16.0,Signed,Star,85.0,0.0,0.0,JAX,tier_2,788.8324873096448,1316.3294117647058,0.1875,3.045685279187817,JAX,0.0
165,WR,Curtis,Samuel,Curtis Samuel,WAS,22,0,0,0,637,52,718,122,True,0,5,0,0,59,0,0,0,13,0,0,0,0,0,0,2,15,12,0,25,1,Curtis,Samuel,2459.0,2457.0,6.0,27.0,25.0,Signed,Normal,79.0,0.0,0.0,WAS,tier_4,917.8272980501393,1536.375,0.2,4.178272980501393,WAS,-1.0
166,TE,Logan,Thomas,Logan Thomas,WAS,2,0,3,0,536,27,870,121,True,0,1,0,0,57,0,0,0,2,0,0,0,0,0,0,5,15,15,3,25,0,Logan,Thomas,2781.0,2779.0,9.0,32.0,25.0,Signed,Normal,73.0,0.0,0.0,WAS,tier_5,618.3908045977012,1341.1034482758619,0.3333333333333333,5.747126436781609,WAS,3.0
169,QB,Brock,Purdy,Brock Purdy,SF,208,4300,0,39,0,0,1015,0,True,330,55,463,8,0,0,1,0,43,67,1,0,0,30,31,0,16,16,7,14,3,Brock,Purdy,2292.0,2290.0,1.0,23.0,14.0,Signed,Star,79.0,0.0,0.0,SF,tier_4,204.92610837438423,1134.5454545454545,0.1875,2.9556650246305423,,
174,WR,Jauan,Jennings,Jauan Jennings,SF,7,0,1,0,526,31,571,140,True,0,2,0,0,39,0,0,0,4,0,0,0,0,0,0,2,15,10,0,14,0,Jauan,Jennings,1445.0,1443.0,3.0,26.0,14.0,Signed,Normal,73.0,0.0,0.0,SF,tier_5,933.4500875656743,1898.6341463414635,0.13333333333333333,3.502626970227671,SF,-1.0
175,WR,Brandon,Aiyuk,Brandon Aiyuk,SF,5,0,0,0,935,57,761,114,True,0,2,0,0,57,0,0,0,5,0,0,0,0,0,0,5,15,15,0,14,0,Brandon,Aiyuk,31.0,29.0,3.0,25.0,14.0,Signed,Star,88.0,0.0,0.0,SF,tier_2,1235.2168199737189,2307.457627118644,0.3333333333333333,6.570302233902759,SF,2.0
177,QB,Dak,Prescott,Dak Prescott,DAL,290,4263,0,93,0,0,1012,0,True,383,57,542,10,0,0,2,0,65,61,4,0,0,34,32,0,16,16,4,10,2,Dak,Prescott,2274.0,2272.0,7.0,30.0,10.0,Signed,Star,82.0,0.0,0.0,DAL,tier_3,286.5612648221344,1526.3157894736842,0.125,1.976284584980237,,
178,WR,Brandin,Cooks,Brandin Cooks,DAL,23,0,2,0,409,25,659,96,True,0,3,0,0,40,0,0,0,14,0,0,0,0,0,0,2,13,12,1,10,0,Brandin,Cooks,569.0,567.0,9.0,29.0,10.0,Signed,Star,82.0,0.0,0.0,DAL,tier_3,655.5386949924128,1530.139534883721,0.15384615384615385,3.0349013657056148,DAL,-5.0
179,TE,Daniel,Bellinger,Daniel Bellinger,NYG,0,0,0,0,282,23,847,116,True,0,0,0,0,32,0,0,0,0,0,0,0,0,0,0,3,16,14,0,15,0,Daniel,Bellinger,197.0,195.0,1.0,22.0,15.0,Signed,Normal,70.0,0.0,0.0,NYG,tier_5,332.93978748524205,1268.9999999999998,0.1875,3.541912632821724,NYG,-4.0
180,WR,Isaiah,Hodgins,Isaiah Hodgins,NYG,13,0,2,0,469,24,701,145,True,0,6,0,0,41,0,0,0,5,0,0,0,0,0,0,3,16,14,1,15,1,Isaiah,Hodgins,1274.0,1272.0,3.0,24.0,15.0,Signed,Star,76.0,0.0,0.0,NYG,tier_4,687.5891583452211,1519.9148936170213,0.25,5.706134094151213,NYG,-3.0
181,WR,Darius,Slayton,Darius Slayton,NYG,0,0,0,0,380,34,661,17,True,0,0,0,0,27,0,0,0,0,0,0,0,0,0,0,0,16,8,0,15,0,Darius,Slayton,2571.0,2569.0,4.0,26.0,15.0,Signed,Star,76.0,0.0,0.0,NYG,tier_4,574.8865355521935,2026.6666666666667,0.0,0.0,NYG,-8.0
184,WR,Parris,Campbell,Parris Campbell,NYG,0,0,2,0,281,22,387,87,True,0,1,0,0,36,0,0,0,0,0,0,0,0,0,0,0,13,7,0,15,0,Parris,Campbell,440.0,438.0,4.0,26.0,15.0,Signed,Star,77.0,0.0,0.0,NYG,tier_4,726.0981912144703,1093.6216216216217,0.0,0.0,NYG,-6.0
185,WR,Sterling,Shepard,Sterling Shepard,NYG,0,0,0,0,237,18,381,83,True,0,0,0,0,21,0,0,0,0,0,0,0,0,0,0,1,13,6,1,15,0,Sterling,Shepard,2529.0,2527.0,7.0,30.0,15.0,Signed,Star,80.0,0.0,0.0,NYG,tier_3,622.0472440944882,1625.1428571428569,0.07692307692307693,2.6246719160104988,NYG,-5.0
186,HB,Saquon,Barkley,Saquon Barkley,NYG,1025,0,1,256,322,32,688,187,True,0,248,0,0,39,0,5,0,52,0,10,0,0,0,0,3,13,13,1,15,6,Saquon,Barkley,149.0,147.0,5.0,26.0,15.0,Signed,XFactor,93.0,0.0,0.0,NYG,tier_1,1957.8488372093025,1232.9895470383276,0.6923076923076923,13.08139534883721,NYG,-3.0
187,WR,Laviska,Shenault Jr,Laviska Shenault Jr,CAR,55,0,1,0,231,22,336,84,True,0,12,0,0,23,0,0,0,11,0,0,0,0,0,0,1,11,5,1,20,0,Laviska,Shenault Jr,2528.0,2526.0,3.0,24.0,20.0,Signed,Normal,75.0,0.0,0.0,CAR,tier_4,851.1904761904761,1421.8285714285714,0.09090909090909091,2.976190476190476,CAR,-2.0
190,WR,Garrett,Wilson,Garrett Wilson,NYJ,6,0,0,0,895,68,900,169,True,0,1,0,0,79,0,0,0,6,0,0,0,0,0,0,3,15,15,1,17,0,Garrett,Wilson,3091.0,3089.0,1.0,23.0,17.0,Signed,Superstar,86.0,0.0,0.0,NYJ,tier_2,1001.1111111111111,1633.4999999999998,0.2,3.3333333333333335,NYJ,-2.0
193,QB,Sam,Howell,Sam Howell,WAS,253,4092,0,36,0,0,1038,0,True,393,51,607,16,0,0,1,0,38,52,2,0,0,68,21,0,16,16,3,25,4,Sam,Howell,1319.0,1317.0,1.0,22.0,25.0,Signed,Normal,72.0,0.0,0.0,WAS,tier_5,243.73795761078998,1488.235294117647,0.25,3.8535645472061657,,
196,TE,Dalton,Kincaid,Dalton Kincaid,BUF,0,0,0,0,467,22,549,61,True,0,0,0,0,53,0,0,0,0,0,0,0,0,0,0,2,12,8,1,2,0,Dalton,Kincaid,1615.0,1613.0,0.0,23.0,2.0,Signed,Star,77.0,0.0,0.0,BUF,tier_4,850.6375227686704,1268.8301886792453,0.16666666666666666,3.6429872495446265,BUF,6.0
197,HB,James,Cook,James Cook,BUF,716,0,0,18,232,48,514,18,True,0,177,0,0,26,0,0,0,36,0,2,0,0,0,0,1,16,10,0,2,5,James,Cook,567.0,565.0,1.0,23.0,2.0,Signed,Star,79.0,0.0,0.0,BUF,tier_4,1844.3579766536966,1222.6995073891626,0.375,11.673151750972762,BUF,0.0
207,WR,Tyler,Boyd,Tyler Boyd,CIN,6,0,2,0,1041,42,870,273,True,0,1,0,0,93,0,0,0,6,0,1,0,0,0,0,5,16,16,0,1,0,Tyler,Boyd,281.0,279.0,7.0,28.0,1.0,Signed,Star,81.0,0.0,0.0,CIN,tier_3,1203.448275862069,1613.872340425532,0.3125,5.747126436781609,CIN,3.0
215,HB,Gus,Edwards,Gus Edwards,BAL,813,0,1,103,199,80,482,74,True,0,187,0,0,19,0,2,0,48,0,5,0,0,0,0,0,16,8,1,24,10,Gus,Edwards,788.0,786.0,5.0,28.0,24.0,Signed,Star,77.0,0.0,0.0,BAL,tier_4,2099.585062240664,1323.0873786407765,0.625,20.74688796680498,BAL,5.0
216,TE,Mark,Andrews,Mark Andrews,BAL,0,0,0,0,597,62,561,23,True,0,1,0,0,49,0,0,0,0,0,0,0,0,0,0,7,10,9,0,24,0,Mark,Andrews,81.0,79.0,5.0,27.0,24.0,Signed,XFactor,94.0,0.0,0.0,BAL,tier_1,1064.1711229946525,1719.3600000000001,0.7,12.477718360071302,BAL,4.0
217,QB,Lamar,Jackson,Lamar Jackson,BAL,535,3255,0,0,0,0,951,0,True,306,116,437,7,0,0,0,0,26,80,0,0,0,30,20,0,15,15,13,24,6,Lamar,Jackson,1407.0,1405.0,5.0,26.0,24.0,Signed,XFactor,91.0,0.0,0.0,BAL,tier_1,562.565720294427,1383.6206896551723,0.4,6.309148264984227,,
220,WR,Nelson,Agholor,Nelson Agholor,BAL,0,0,1,0,695,30,749,201,True,0,0,0,0,59,0,0,0,0,0,0,0,0,0,0,4,16,9,1,24,0,Nelson,Agholor,26.0,24.0,8.0,30.0,24.0,Signed,Normal,78.0,0.0,0.0,BAL,tier_4,927.9038718291055,1696.2711864406779,0.25,5.34045393858478,BAL,-1.0
226,HB,Travis,Etienne Jr,Travis Etienne Jr,JAX,860,0,0,71,359,56,734,83,True,0,223,0,0,44,0,2,0,40,0,4,0,0,0,0,2,14,14,3,16,8,Travis,Etienne Jr,828.0,826.0,2.0,24.0,16.0,Signed,Star,87.0,0.0,0.0,JAX,tier_2,1660.7629427792915,1159.9101123595506,0.7142857142857143,13.623978201634877,JAX,-3.0
227,QB,Trevor,Lawrence,Trevor Lawrence,JAX,368,3203,0,98,0,0,915,0,True,306,69,456,8,0,0,3,0,43,56,3,0,0,30,19,0,14,14,7,16,2,Trevor,Lawrence,1683.0,1681.0,2.0,23.0,16.0,Signed,Superstar,83.0,0.0,0.0,JAX,tier_3,402.1857923497268,1600.0,0.14285714285714285,2.185792349726776,,
237,HB,Joe,Mixon,Joe Mixon,CIN,784,0,4,162,281,32,712,94,True,0,215,0,0,43,0,4,0,38,0,8,0,0,0,0,0,15,15,0,1,6,Joe,Mixon,1956.0,1954.0,6.0,27.0,1.0,Signed,Star,87.0,0.0,0.0,CIN,tier_2,1495.7865168539327,1068.4651162790697,0.4,8.426966292134832,CIN,-5.0
243,TE,Luke,Musgrave,Luke Musgrave,GB,0,0,0,0,448,37,888,97,True,0,0,0,0,49,0,0,0,0,0,1,0,0,0,0,1,16,15,0,19,0,Luke,Musgrave,2036.0,2034.0,0.0,22.0,19.0,Signed,Normal,71.0,0.0,0.0,GB,tier_5,504.50450450450444,1316.5714285714287,0.0625,1.1261261261261262,GB,-3.0
247,WR,Romeo,Doubs,Romeo Doubs,GB,4,0,0,0,551,30,678,82,True,0,1,0,0,51,0,0,0,4,0,0,0,0,0,0,6,13,12,0,19,0,Romeo,Doubs,735.0,733.0,1.0,23.0,19.0,Signed,Normal,78.0,0.0,0.0,GB,tier_4,818.5840707964602,1548.9230769230771,0.46153846153846156,8.849557522123893,GB,3.0
250,HB,A.J.,Dillon,A.J. Dillon,GB,566,0,1,68,175,29,492,70,True,0,149,0,0,19,0,2,0,45,0,7,0,0,0,0,0,16,5,0,19,6,A.J.,Dillon,712.0,710.0,3.0,25.0,19.0,Signed,Normal,78.0,0.0,0.0,GB,tier_4,1506.0975609756097,1160.7142857142858,0.375,12.195121951219512,GB,0.0
253,WR,DeAndre,Hopkins,DeAndre Hopkins,TEN,5,0,1,0,1034,61,808,203,True,0,1,0,0,75,0,0,0,5,0,0,0,0,0,0,5,15,15,0,29,0,DeAndre,Hopkins,1300.0,1298.0,10.0,31.0,29.0,Signed,Star,84.0,0.0,0.0,TEN,tier_3,1285.8910891089108,1978.8947368421052,0.3333333333333333,6.188118811881188,TEN,4.0
256,WR,Chris,Olave,Chris Olave,NO,0,0,0,0,928,45,818,132,True,0,0,0,0,82,0,0,0,0,0,0,0,0,0,0,6,14,12,0,26,0,Chris,Olave,2124.0,2122.0,1.0,23.0,26.0,Signed,Star,86.0,0.0,0.0,NO,tier_2,1134.4743276283618,1629.658536585366,0.42857142857142855,7.334963325183374,NO,0.0
257,TE,Juwan,Johnson,Juwan Johnson,NO,0,0,6,0,404,27,763,139,True,0,0,0,0,45,0,0,0,0,0,0,0,0,0,0,3,12,12,0,26,0,Juwan,Johnson,1483.0,1481.0,3.0,26.0,26.0,Signed,Star,75.0,0.0,0.0,NO,tier_4,529.488859764089,1292.8,0.25,3.931847968545216,NO,-3.0
264,WR,Michael,Thomas,Michael Thomas,NO,1,0,0,0,792,44,838,127,True,0,1,0,0,63,0,0,0,1,0,0,0,0,0,0,3,15,12,0,26,0,Michael,Thomas,2783.0,2781.0,7.0,30.0,26.0,Signed,Star,81.0,0.0,0.0,NO,tier_3,946.3007159904535,1786.6874999999998,0.2,3.579952267303103,NO,-2.0
265,TE,Taysom,Hill,Taysom Hill,NO,255,72,1,0,211,19,533,66,True,5,49,6,0,33,0,0,0,20,44,0,0,0,1,1,1,16,5,0,26,3,Taysom,Hill,1253.0,1251.0,6.0,33.0,26.0,Signed,Star,74.0,0.0,0.0,NO,tier_5,874.2964352720451,1303.4634146341464,0.25,7.5046904315197,NO,15.0
269,TE,Cade,Otton,Cade Otton,TB,6,0,1,0,584,26,1021,156,True,0,1,0,0,60,0,0,0,6,0,2,0,0,0,0,6,15,15,1,5,0,Cade,Otton,2149.0,2147.0,1.0,24.0,5.0,Signed,Normal,74.0,0.0,0.0,TB,tier_5,577.8648383937316,1408.1311475409836,0.4,5.8765915768854065,TB,1.0
270,HB,Rachaad,White,Rachaad White,TB,1033,0,2,233,435,33,796,107,True,0,257,0,0,55,0,5,0,57,0,10,0,0,0,0,2,16,16,2,5,6,Rachaad,White,3011.0,3009.0,1.0,24.0,5.0,Signed,Normal,76.0,0.0,0.0,TB,tier_4,1844.2211055276382,1194.0384615384617,0.5,10.050251256281408,TB,1.0
271,HB,Jahmyr,Gibbs,Jahmyr Gibbs,DET,657,0,2,21,289,21,544,78,True,0,143,0,0,42,0,1,0,27,0,1,0,0,0,0,1,14,11,0,18,3,Jahmyr,Gibbs,996.0,994.0,0.0,21.0,18.0,Signed,Normal,79.0,0.0,0.0,DET,tier_4,1738.9705882352941,1290.3567567567568,0.2857142857142857,7.352941176470588,DET,2.0
277,QB,Baker,Mayfield,Baker Mayfield,TB,211,3197,0,59,0,0,905,0,True,312,54,477,8,0,0,1,0,50,70,3,0,0,27,21,0,14,14,5,5,2,Baker,Mayfield,1834.0,1832.0,5.0,28.0,5.0,Signed,Normal,75.0,0.0,0.0,TB,tier_4,233.14917127071826,1172.2222222222222,0.14285714285714285,2.2099447513812156,,
278,WR,Chris,Godwin,Chris Godwin,TB,16,0,0,0,897,42,912,215,True,0,2,1,0,80,0,0,0,14,0,0,0,0,0,0,3,16,16,0,5,0,Chris,Godwin,1020.0,1018.0,6.0,27.0,5.0,Signed,Superstar,85.0,0.0,0.0,TB,tier_2,1001.0964912280702,1633.7560975609758,0.1875,3.289473684210526,TB,-2.0
279,WR,Jordan,Addison,Jordan Addison,MIN,2,0,0,0,847,62,739,114,True,0,1,0,0,71,0,0,0,2,0,0,0,0,0,0,8,16,13,1,30,0,Jordan,Addison,19.0,17.0,0.0,21.0,30.0,Signed,Star,77.0,0.0,0.0,MIN,tier_4,1148.8497970230042,1702.3333333333333,0.5,10.825439783491206,MIN,7.0
282,WR,Tyler,Scott,Tyler Scott,CHI,28,0,1,0,133,15,356,26,True,0,5,0,0,16,0,0,0,11,0,0,0,0,0,0,0,16,2,0,0,0,Tyler,Scott,2502.0,2500.0,0.0,21.0,0.0,Signed,Normal,70.0,0.0,0.0,CHI,tier_5,452.24719101123594,1312.0,0.0,0.0,CHI,-6.0
285,QB,Justin,Herbert,Justin Herbert,LAC,212,4139,0,52,10,10,971,0,True,396,50,593,7,1,0,1,0,47,60,2,0,0,38,27,0,16,16,3,7,3,Justin,Herbert,1219.0,1217.0,3.0,25.0,7.0,Signed,XFactor,90.0,0.0,0.0,LAC,tier_1,228.6302780638517,1275.2941176470588,0.1875,3.089598352214212,,
286,HB,Kareem,Hunt,Kareem Hunt,CLE,668,0,1,130,265,45,473,155,True,0,170,0,0,29,0,3,0,50,0,12,0,0,0,0,2,14,10,1,4,5,Kareem,Hunt,1346.0,1344.0,6.0,28.0,4.0,Signed,Star,79.0,0.0,0.0,CLE,tier_4,1972.5158562367865,1198.7939698492464,0.5,14.799154334038054,CLE,2.0
287,QB,Justin,Fields,Justin Fields,CHI,342,1986,0,46,0,0,633,0,True,180,67,292,10,0,0,1,0,50,58,1,0,0,35,14,0,13,10,8,0,1,Justin,Fields,878.0,876.0,2.0,24.0,0.0,Signed,Normal,74.0,0.0,0.0,CHI,tier_5,540.2843601895735,1531.3432835820895,0.07692307692307693,1.5797788309636651,,
288,WR,Darnell,Mooney,Darnell Mooney,CHI,5,0,0,0,530,41,784,90,True,0,2,0,0,37,0,0,0,3,0,0,0,0,0,0,1,15,15,0,0,0,Darnell,Mooney,1972.0,1970.0,3.0,25.0,0.0,Signed,Star,78.0,0.0,0.0,CHI,tier_4,682.3979591836735,1995.3846153846152,0.06666666666666667,1.2755102040816326,CHI,-6.0
289,TE,Cole,Kmet,Cole Kmet,CHI,1,0,3,0,572,23,1014,116,True,0,2,0,0,66,0,0,0,1,0,1,0,0,0,0,8,16,16,1,0,0,Cole,Kmet,1631.0,1629.0,3.0,24.0,0.0,Signed,Star,80.0,0.0,0.0,CHI,tier_3,565.0887573964498,1215.7058823529412,0.5,7.889546351084813,CHI,2.0
294,WR,Cooper,Kupp,Cooper Kupp,LAR,0,0,0,0,1020,49,691,302,True,0,0,0,0,68,0,0,0,0,0,4,0,0,0,0,2,11,11,0,23,0,Cooper,Kupp,1651.0,1649.0,6.0,30.0,23.0,Signed,XFactor,96.0,0.0,0.0,LAR,tier_0,1476.121562952243,2160.0,0.18181818181818182,2.894356005788712,LAR,-3.0
295,WR,Jake,Bobo,Jake Bobo,SEA,3,0,1,0,300,31,336,83,True,0,1,0,0,25,0,0,0,3,0,0,0,0,0,0,2,13,1,0,27,1,Jake,Bobo,245.0,243.0,0.0,25.0,27.0,Signed,Normal,65.0,0.0,0.0,SEA,tier_6,901.7857142857143,1696.1538461538462,0.23076923076923078,8.928571428571429,SEA,7.0
297,WR,Jaxon,Smith-Njigba,Jaxon Smith-Njigba,SEA,0,0,1,0,573,69,498,92,True,0,0,0,0,54,0,0,0,0,0,0,0,0,0,0,5,13,6,0,27,0,Jaxon,Smith-Njigba,2624.0,2622.0,0.0,21.0,27.0,Signed,Star,78.0,0.0,0.0,SEA,tier_4,1150.6024096385543,1527.9999999999998,0.38461538461538464,10.040160642570282,SEA,7.0
298,HB,Kenneth,Walker III,Kenneth Walker III,SEA,915,0,1,218,234,36,700,112,True,0,215,0,0,36,0,4,0,60,0,8,0,0,0,0,1,14,14,1,27,9,Kenneth,Walker III,2924.0,2922.0,1.0,22.0,27.0,Signed,Star,85.0,0.0,0.0,SEA,tier_2,1641.4285714285716,1227.8725099601593,0.7142857142857143,14.285714285714285,SEA,-1.0
300,TE,Noah,Fant,Noah Fant,SEA,6,0,1,0,510,58,777,132,True,0,1,0,0,40,0,0,0,6,0,1,0,0,0,0,2,16,16,0,27,0,Noah,Fant,850.0,848.0,4.0,25.0,27.0,Signed,Star,78.0,0.0,0.0,SEA,tier_4,664.0926640926641,1835.1219512195119,0.125,2.574002574002574,SEA,-2.0
301,WR,D.K.,Metcalf,D.K. Metcalf,SEA,0,0,0,0,567,50,545,59,True,0,0,0,0,38,0,0,0,0,0,0,0,0,0,0,2,11,11,0,27,0,D.K.,Metcalf,1922.0,1920.0,4.0,25.0,27.0,Signed,Superstar,89.0,0.0,0.0,SEA,tier_2,1040.366972477064,2148.6315789473683,0.18181818181818182,3.669724770642202,SEA,-2.0
305,QB,Geno,Smith,Geno Smith,SEA,99,3633,0,18,-2,0,974,0,True,338,34,522,10,1,0,1,0,23,69,1,0,0,38,21,0,16,16,5,27,0,Geno,Smith,2593.0,2591.0,10.0,32.0,27.0,Signed,Normal,76.0,0.0,0.0,SEA,tier_4,99.58932238193019,840.3428571428572,0.0,0.0,,
309,HB,Brian,Robinson Jr,Brian Robinson Jr,WAS,872,0,1,205,217,24,491,55,True,0,197,0,0,21,0,5,0,51,0,9,0,0,0,0,2,16,16,3,25,7,Brian,Robinson Jr,2388.0,2386.0,1.0,24.0,25.0,Signed,Star,82.0,0.0,0.0,WAS,tier_3,2217.922606924644,1343.3394495412845,0.5625,18.329938900203665,WAS,0.0
313,WR,Jahan,Dotson,Jahan Dotson,WAS,1,0,0,0,552,33,691,86,True,0,2,0,0,49,0,0,0,1,0,0,0,0,0,0,3,13,13,0,25,0,Jahan,Dotson,733.0,731.0,1.0,23.0,25.0,Signed,Normal,77.0,0.0,0.0,WAS,tier_4,800.2894356005788,1564.4705882352941,0.23076923076923078,4.341534008683069,WAS,-1.0
316,HB,Antonio,Gibson,Antonio Gibson,WAS,290,0,4,83,328,41,480,53,True,0,52,0,0,35,0,3,0,41,0,5,0,0,0,0,3,14,5,4,25,1,Antonio,Gibson,997.0,995.0,3.0,25.0,25.0,Signed,Normal,75.0,0.0,0.0,WAS,tier_4,1287.5,1542.8965517241381,0.2857142857142857,8.333333333333334,WAS,4.0
317,WR,Terry,McLaurin,Terry McLaurin,WAS,0,0,0,0,1015,36,933,185,True,0,0,0,0,83,0,0,0,0,0,0,0,0,0,0,4,16,16,0,25,0,Terry,McLaurin,1897.0,1895.0,4.0,27.0,25.0,Signed,Star,88.0,0.0,0.0,WAS,tier_2,1087.8885316184353,1760.9638554216867,0.25,4.287245444801715,WAS,-1.0
319,QB,Jared,Goff,Jared Goff,DET,59,4453,0,0,0,0,1118,0,True,404,37,596,12,0,0,0,0,11,52,0,0,0,32,30,0,16,16,4,18,2,Jared,Goff,1024.0,1022.0,7.0,28.0,18.0,Signed,Star,82.0,0.0,0.0,DET,tier_3,52.772808586762075,478.37837837837833,0.125,1.7889087656529516,,
320,WR,Davante,Adams,Davante Adams,LV,6,0,0,0,1395,59,936,375,True,0,1,0,0,112,0,0,0,6,0,0,0,0,0,0,7,15,15,0,22,0,Davante,Adams,10.0,8.0,9.0,30.0,22.0,Signed,XFactor,96.0,0.0,0.0,LV,tier_0,1496.7948717948718,1793.628318584071,0.4666666666666667,7.478632478632479,LV,0.0
322,HB,Jaleel,McLaughlin,Jaleel McLaughlin,DEN,494,0,3,119,176,22,303,86,True,0,78,0,0,27,0,3,0,52,0,3,0,0,0,0,3,15,6,0,3,5,Jaleel,McLaughlin,476.0,474.0,0.0,22.0,3.0,Signed,Star,72.0,0.0,0.0,DEN,tier_5,2211.221122112211,1652.8,0.5333333333333333,26.402640264026402,DEN,11.0
326,HB,Javonte,Williams,Javonte Williams,DEN,869,0,3,173,148,17,449,57,True,0,201,0,0,26,0,4,0,55,0,6,0,0,0,0,2,14,13,0,3,3,Javonte,Williams,3049.0,3047.0,2.0,23.0,3.0,Signed,Star,80.0,0.0,0.0,DEN,tier_3,2265.033407572383,1242.3436123348017,0.35714285714285715,11.135857461024498,DEN,-2.0
327,TE,Adam,Trautman,Adam Trautman,DEN,0,0,0,0,267,20,634,76,True,0,0,0,0,28,0,0,0,0,0,0,0,0,0,0,3,12,10,0,3,0,Adam,Trautman,2843.0,2841.0,3.0,26.0,3.0,Signed,Normal,72.0,0.0,0.0,DEN,tier_5,421.13564668769715,1373.142857142857,0.25,4.73186119873817,DEN,0.0
328,WR,Jerry,Jeudy,Jerry Jeudy,DEN,6,0,1,0,687,46,808,161,True,0,1,0,0,62,0,0,0,6,0,0,0,0,0,0,6,15,13,1,3,0,Jerry,Jeudy,1448.0,1446.0,3.0,24.0,3.0,Signed,Normal,79.0,0.0,0.0,DEN,tier_4,857.6732673267327,1598.857142857143,0.4,7.425742574257425,DEN,0.0
330,WR,Courtland,Sutton,Courtland Sutton,DEN,0,0,0,0,807,40,796,143,True,0,0,0,0,63,0,0,0,0,0,0,0,0,0,0,7,14,14,3,3,0,Courtland,Sutton,2717.0,2715.0,5.0,27.0,3.0,Signed,Star,81.0,0.0,0.0,DEN,tier_3,1013.8190954773869,1844.5714285714287,0.5,8.793969849246231,DEN,4.0
333,HB,Samaje,Perine,Samaje Perine,DEN,352,0,1,141,237,29,335,5,True,0,71,0,0,23,0,3,0,51,0,4,0,0,0,0,0,16,2,2,3,2,Samaje,Perine,2211.0,2209.0,7.0,27.0,3.0,Signed,Star,74.0,0.0,0.0,DEN,tier_5,1758.2089552238806,1486.468085106383,0.125,5.970149253731344,DEN,3.0
337,WR,Michael,Wilson,Michael Wilson,ARI,6,0,0,0,478,69,564,36,True,0,1,0,0,32,0,0,0,6,0,0,0,0,0,0,2,13,10,0,6,0,Michael,Wilson,3096.0,3094.0,0.0,23.0,6.0,Signed,Normal,74.0,0.0,0.0,ARI,tier_5,858.1560283687943,2140.3636363636365,0.15384615384615385,3.5460992907801416,ARI,-1.0
339,TE,Trey,McBride,Trey McBride,ARI,0,0,1,0,626,27,758,189,True,0,0,0,0,64,0,0,0,0,0,1,0,0,0,0,2,16,10,0,6,0,Trey,McBride,1840.0,1838.0,1.0,23.0,6.0,Signed,Normal,75.0,0.0,0.0,ARI,tier_4,825.8575197889182,1408.4999999999998,0.125,2.638522427440633,ARI,1.0
342,WR,Marquise,Brown,Marquise Brown,ARI,29,0,3,0,876,41,930,151,True,0,1,0,0,79,0,0,0,29,0,1,0,0,0,0,10,15,15,0,6,0,Marquise,Brown,354.0,352.0,4.0,26.0,6.0,Signed,Star,81.0,0.0,0.0,ARI,tier_3,973.1182795698925,1685.5499999999997,0.6666666666666666,10.752688172043012,ARI,6.0
344,QB,Joshua,Dobbs,Joshua Dobbs,MIN,391,3231,0,3,0,0,995,0,True,324,75,489,7,0,0,0,0,44,69,1,0,0,35,14,0,16,15,12,30,5,Joshua,Dobbs,721.0,719.0,6.0,28.0,30.0,Signed,Normal,67.0,0.0,0.0,MIN,tier_6,392.964824120603,1563.9999999999998,0.3125,5.025125628140704,,
345,HB,James,Conner,James Conner,ARI,929,0,0,87,153,13,582,86,True,0,218,0,0,24,0,3,0,35,0,5,0,0,0,0,0,12,12,0,6,2,James,Conner,562.0,560.0,6.0,28.0,6.0,Signed,Normal,81.0,0.0,0.0,ARI,tier_3,1859.106529209622,1242.6942148760331,0.16666666666666666,3.4364261168384878,ARI,-3.0
346,HB,David,Montgomery,David Montgomery,DET,774,0,1,70,148,19,446,40,True,0,203,0,0,14,0,2,0,42,0,3,0,0,0,0,0,12,12,3,18,10,David,Montgomery,1969.0,1967.0,4.0,26.0,18.0,Signed,Star,84.0,0.0,0.0,DET,tier_3,2067.2645739910313,1168.258064516129,0.8333333333333334,22.42152466367713,DET,-1.0
347,HB,Matt,Breida,Matt Breida,NYG,253,0,0,17,88,22,380,23,True,0,82,0,0,17,0,1,0,21,0,2,0,0,0,0,0,16,4,2,15,2,Matt,Breida,304.0,302.0,6.0,28.0,15.0,Signed,Normal,73.0,0.0,0.0,NYG,tier_5,897.3684210526316,894.6666666666666,0.125,5.263157894736842,NYG,-6.0
351,WR,Jaylen,Waddle,Jaylen Waddle,MIA,10,0,0,0,986,43,756,169,True,0,2,0,0,72,0,0,0,12,0,0,0,0,0,0,5,15,15,0,11,0,Jaylen,Waddle,2918.0,2916.0,2.0,24.0,11.0,Signed,Superstar,87.0,0.0,0.0,MIA,tier_2,1317.4603174603174,1959.2432432432431,0.3333333333333333,6.613756613756613,MIA,2.0
356,HB,Jerome,Ford,Jerome Ford,CLE,494,0,1,3,151,19,400,9,True,0,126,0,0,22,0,0,0,69,0,1,0,0,0,0,2,12,5,1,4,4,Jerome,Ford,903.0,901.0,1.0,23.0,4.0,Signed,Star,74.0,0.0,0.0,CLE,tier_5,1612.5,1148.2702702702704,0.5,15.0,CLE,1.0
359,WR,George,Pickens,George Pickens,PIT,25,0,1,0,889,71,951,110,True,0,3,0,0,59,0,0,0,16,0,0,0,0,0,0,7,16,16,1,28,0,George,Pickens,2235.0,2233.0,1.0,22.0,28.0,Signed,Star,83.0,0.0,0.0,PIT,tier_3,961.0935856992639,2185.7419354838707,0.4375,7.360672975814932,PIT,2.0
360,TE,George,Kittle,George Kittle,SF,2,0,0,0,954,38,1049,230,True,0,1,0,0,70,0,0,0,2,0,0,0,0,0,0,3,16,16,0,14,0,George,Kittle,1628.0,1626.0,6.0,29.0,14.0,Signed,XFactor,95.0,0.0,0.0,SF,tier_0,911.3441372735939,1943.3239436619715,0.1875,2.859866539561487,SF,-2.0
364,WR,Marquez,Valdes-Scantling,Marquez Valdes-Scantling,KC,3,0,0,0,775,63,822,169,True,0,2,0,0,51,0,0,0,3,0,0,0,0,0,0,3,16,16,1,8,0,Marquez,Valdes-Scantling,2884.0,2882.0,5.0,28.0,8.0,Signed,Normal,75.0,0.0,0.0,KC,tier_4,946.4720194647201,2122.6415094339623,0.1875,3.6496350364963503,KC,-2.0
365,FB,Kyle,Juszczyk,Kyle Juszczyk,SF,23,0,1,0,87,20,446,28,True,0,10,0,0,10,0,0,0,6,0,0,0,0,0,0,1,16,7,0,14,0,Kyle,Juszczyk,1576.0,1574.0,10.0,32.0,14.0,Signed,Star,88.0,0.0,0.0,SF,tier_2,246.63677130044843,971.3999999999999,0.0625,2.242152466367713,,
366,TE,Darnell,Washington,Darnell Washington,PIT,0,0,2,0,282,25,738,156,True,0,0,0,0,31,0,0,0,0,0,2,0,0,0,0,3,16,11,0,28,0,Darnell,Washington,2962.0,2960.0,0.0,22.0,28.0,Signed,Normal,69.0,0.0,0.0,PIT,tier_6,382.1138211382114,1309.9354838709676,0.1875,4.065040650406504,PIT,1.0
367,HB,Jaylen,Warren,Jaylen Warren,PIT,693,0,1,194,333,30,547,95,True,0,157,0,0,49,0,5,0,43,0,9,0,0,0,0,0,16,8,1,28,2,Jaylen,Warren,2957.0,2955.0,1.0,24.0,28.0,Signed,Star,77.0,0.0,0.0,PIT,tier_4,1875.6855575868371,1242.0000000000002,0.125,3.656307129798903,PIT,-3.0
369,TE,Connor,Heyward,Connor Heyward,PIT,0,0,0,0,143,12,433,14,True,0,1,0,0,21,0,0,0,0,0,0,0,0,0,0,2,16,7,0,28,0,Connor,Heyward,1235.0,1233.0,1.0,24.0,28.0,Signed,Normal,63.0,0.0,0.0,PIT,tier_6,330.2540415704388,936.0,0.125,4.618937644341801,PIT,1.0
372,QB,Kenny,Pickett,Kenny Pickett,PIT,79,2952,0,12,0,0,850,0,True,271,40,442,7,0,0,0,0,13,74,2,0,0,33,14,0,14,14,1,28,2,Kenny,Pickett,2237.0,2235.0,1.0,25.0,28.0,Signed,Star,71.0,0.0,0.0,PIT,tier_5,92.94117647058823,592.5,0.14285714285714285,2.352941176470588,,
373,HB,Najee,Harris,Najee Harris,PIT,731,0,3,117,162,32,499,62,True,0,186,0,0,25,0,2,0,42,0,5,0,0,0,0,0,15,14,2,28,6,Najee,Harris,1161.0,1159.0,2.0,25.0,28.0,Signed,Normal,79.0,0.0,0.0,PIT,tier_4,1789.579158316633,1149.8957345971564,0.4,12.024048096192384,PIT,-3.0
377,WR,Elijah,Moore,Elijah Moore,CLE,11,0,0,0,608,33,936,143,True,0,8,0,0,57,0,0,0,19,0,0,0,0,0,0,0,16,13,1,4,0,Elijah,Moore,1982.0,1980.0,2.0,23.0,4.0,Signed,Normal,79.0,0.0,0.0,CLE,tier_4,661.3247863247863,1397.7230769230769,0.0,0.0,CLE,-6.0
379,WR,Quentin,Johnston,Quentin Johnston,LAC,2,0,2,0,381,20,667,132,True,0,1,0,0,45,0,0,0,2,0,0,0,0,0,0,1,16,10,0,7,0,Quentin,Johnston,1502.0,1500.0,0.0,21.0,7.0,Signed,Normal,71.0,0.0,0.0,LAC,tier_5,574.2128935532234,1205.7391304347825,0.0625,1.4992503748125936,LAC,-6.0
380,WR,Joshua,Palmer,Joshua Palmer,LAC,0,0,0,0,621,60,614,107,True,0,0,0,0,44,0,0,0,0,0,0,0,0,0,0,3,11,8,1,7,0,Joshua,Palmer,2164.0,2162.0,2.0,23.0,7.0,Signed,Star,77.0,0.0,0.0,LAC,tier_4,1011.4006514657981,2032.3636363636363,0.2727272727272727,4.885993485342019,LAC,1.0
382,HB,Joshua,Kelley,Joshua Kelley,LAC,480,0,0,24,94,14,490,58,True,0,116,0,0,12,0,1,0,49,0,1,0,0,0,0,0,16,4,1,7,4,Joshua,Kelley,1596.0,1594.0,3.0,25.0,7.0,Signed,Normal,73.0,0.0,0.0,LAC,tier_5,1171.4285714285716,1230.75,0.25,8.16326530612245,LAC,0.0
385,TE,Gerald,Everett,Gerald Everett,LAC,4,0,0,0,498,29,788,146,True,0,2,0,0,53,0,0,0,2,0,1,0,0,0,0,4,14,12,2,7,0,Gerald,Everett,841.0,839.0,6.0,29.0,7.0,Signed,Star,83.0,0.0,0.0,LAC,tier_3,637.0558375634517,1325.6727272727273,0.2857142857142857,5.076142131979695,LAC,-1.0
387,WR,Keenan,Allen,Keenan Allen,LAC,6,49,0,0,1493,42,999,249,True,1,2,1,0,130,0,0,0,4,49,0,0,0,0,1,10,16,16,1,7,0,Keenan,Allen,53.0,51.0,10.0,31.0,7.0,Signed,Superstar,89.0,0.0,0.0,LAC,tier_2,1500.5005005005005,1642.3636363636365,0.625,10.01001001001001,LAC,8.0
391,WR,Adam,Thielen,Adam Thielen,CAR,9,0,0,0,1018,31,1071,280,True,0,2,0,0,101,0,0,0,6,0,0,0,0,0,0,5,16,16,0,20,0,Adam,Thielen,2767.0,2765.0,10.0,33.0,20.0,Signed,Normal,84.0,0.0,0.0,CAR,tier_3,958.9169000933707,1449.4368932038833,0.3125,4.6685340802987865,CAR,1.0
392,HB,Bijan,Robinson,Bijan Robinson,ATL,952,0,1,72,293,29,689,82,True,0,229,0,0,45,0,2,0,41,0,6,0,0,0,0,3,16,15,2,13,8,Bijan,Robinson,2393.0,2391.0,0.0,21.0,13.0,Signed,Star,82.0,0.0,0.0,ATL,tier_3,1806.966618287373,1196.3211678832115,0.6875,15.965166908563134,ATL,0.0
394,WR,Drake,London,Drake London,ATL,0,22,0,0,997,67,880,134,True,1,0,1,0,69,0,0,0,0,22,0,0,0,0,0,5,15,15,0,13,0,Drake,London,1744.0,1742.0,1.0,22.0,13.0,Signed,Star,82.0,0.0,0.0,ATL,tier_3,1132.9545454545455,2080.695652173913,0.3333333333333333,5.681818181818182,ATL,1.0
395,QB,Desmond,Ridder,Desmond Ridder,ATL,247,2383,0,52,-6,0,763,0,True,219,49,349,12,1,0,1,0,55,46,2,0,0,30,9,0,15,12,9,13,5,Desmond,Ridder,2364.0,2362.0,1.0,24.0,13.0,Signed,Normal,70.0,0.0,0.0,ATL,tier_5,315.85845347313233,1464.7200000000003,0.3333333333333333,6.55307994757536,,
396,TE,Kyle,Pitts,Kyle Pitts,ATL,-4,0,3,0,767,39,868,158,True,0,1,0,0,60,0,0,0,0,0,0,0,0,0,0,6,16,14,0,13,0,Kyle,Pitts,2256.0,2254.0,2.0,22.0,13.0,Signed,Superstar,85.0,0.0,0.0,ATL,tier_2,879.0322580645161,1790.950819672131,0.375,6.912442396313365,ATL,6.0
397,WR,Van,Jefferson,Van Jefferson,ATL,4,0,4,0,397,46,718,113,True,0,1,0,0,37,0,0,0,4,0,0,0,0,0,0,0,16,13,0,13,0,Van,Jefferson,1436.0,1434.0,3.0,27.0,13.0,Signed,Normal,74.0,0.0,0.0,ATL,tier_5,558.4958217270195,1536.0,0.0,0.0,ATL,-6.0
399,TE,Jonnu,Smith,Jonnu Smith,ATL,3,0,1,1,438,60,627,13,True,0,3,1,0,36,0,0,0,3,0,1,0,0,0,0,2,16,2,1,13,1,Jonnu,Smith,2599.0,2597.0,6.0,28.0,13.0,Signed,Normal,77.0,0.0,0.0,ATL,tier_4,703.3492822966507,1640.3076923076924,0.1875,4.784688995215311,ATL,1.0
400,WR,Mack,Hollins,Mack Hollins,ATL,0,0,0,0,443,45,691,101,True,0,0,0,0,35,0,0,0,0,0,0,0,0,0,0,0,16,10,0,13,0,Mack,Hollins,1283.0,1281.0,6.0,29.0,13.0,Signed,Normal,74.0,0.0,0.0,ATL,tier_5,641.0998552821997,1822.6285714285711,0.0,0.0,ATL,-4.0
405,HB,Raheem,Mostert,Raheem Mostert,MIA,828,0,0,0,205,25,432,41,True,0,162,0,0,24,0,0,0,49,0,0,0,0,0,0,3,12,12,4,11,14,Raheem,Mostert,2010.0,2008.0,8.0,31.0,11.0,Signed,Normal,82.0,0.0,0.0,MIA,tier_3,2391.203703703704,1494.1935483870968,1.4166666666666667,39.351851851851855,MIA,5.0
406,HB,Rhamondre,Stevenson,Rhamondre Stevenson,NE,718,0,0,157,229,34,530,14,True,0,181,0,0,32,0,7,0,64,0,7,0,0,0,0,0,15,12,0,21,5,Rhamondre,Stevenson,2672.0,2670.0,2.0,25.0,21.0,Signed,Normal,81.0,0.0,0.0,NE,tier_3,1786.7924528301887,1166.0845070422533,0.3333333333333333,9.433962264150942,NE,-2.0
407,TE,Dallas,Goedert,Dallas Goedert,PHI,0,0,0,0,659,49,1025,113,True,0,0,0,0,59,0,0,0,0,0,0,0,0,0,0,4,15,15,0,12,0,Dallas,Goedert,1023.0,1021.0,5.0,28.0,12.0,Signed,Superstar,87.0,0.0,0.0,PHI,tier_2,642.9268292682927,1608.4067796610168,0.26666666666666666,3.902439024390244,PHI,-3.0
411,QB,Mac,Jones,Mac Jones,NE,91,3012,0,0,0,0,874,0,True,310,35,496,15,0,0,0,0,18,58,0,0,0,28,12,0,16,14,4,21,0,Mac,Jones,1546.0,1544.0,2.0,24.0,21.0,Signed,Normal,71.0,0.0,0.0,NE,tier_5,104.11899313501144,780.0,0.0,0.0,,
412,TE,Hunter,Henry,Hunter Henry,NE,5,0,1,0,572,25,963,161,True,0,1,0,0,58,0,0,0,5,0,3,0,0,0,0,3,16,14,0,21,0,Hunter,Henry,1217.0,1215.0,7.0,28.0,21.0,Signed,Star,81.0,0.0,0.0,NE,tier_3,599.1692627206646,1421.491525423729,0.1875,3.115264797507788,NE,-4.0
413,HB,Ezekiel,Elliott,Ezekiel Elliott,NE,397,0,0,0,126,17,321,41,True,0,114,0,0,25,0,0,0,17,0,1,0,0,0,0,0,13,4,1,21,2,Ezekiel,Elliott,807.0,805.0,7.0,28.0,21.0,Signed,Star,79.0,0.0,0.0,NE,tier_4,1629.2834890965732,987.3669064748201,0.15384615384615385,6.230529595015576,NE,-5.0
414,TE,Mike,Gesicki,Mike Gesicki,NE,5,0,1,0,341,24,693,116,True,0,2,0,0,39,0,0,0,5,0,0,0,0,0,0,1,16,5,0,21,0,Mike,Gesicki,993.0,991.0,5.0,27.0,21.0,Signed,Star,75.0,0.0,0.0,NE,tier_4,499.2784992784993,1234.2439024390244,0.0625,1.443001443001443,NE,-7.0
415,WR,Amari,Cooper,Amari Cooper,CLE,0,0,2,0,1037,59,985,161,True,0,0,0,0,70,0,0,0,0,0,0,0,0,0,0,4,16,16,1,4,0,Amari,Cooper,571.0,569.0,8.0,29.0,4.0,Signed,Superstar,89.0,0.0,0.0,CLE,tier_2,1052.791878172589,2133.2571428571428,0.25,4.060913705583757,CLE,-1.0
418,WR,Robert,Woods,Robert Woods,HOU,0,0,4,0,635,31,826,182,True,0,0,0,0,55,0,0,0,0,0,0,0,0,0,0,5,14,14,0,31,0,Robert,Woods,3138.0,3136.0,10.0,31.0,31.0,Signed,Normal,76.0,0.0,0.0,HOU,tier_4,768.7651331719129,1662.5454545454545,0.35714285714285715,6.053268765133172,HOU,-2.0
419,HB,D'Andre,Swift,D'Andre Swift,PHI,999,0,5,152,308,20,566,111,True,0,210,0,0,45,0,3,0,53,0,5,0,0,0,0,3,13,12,3,12,6,D'Andre,Swift,2724.0,2722.0,3.0,24.0,12.0,Signed,Star,84.0,0.0,0.0,PHI,tier_3,2309.1872791519436,1349.2235294117647,0.6923076923076923,15.901060070671377,PHI,1.0
420,WR,Olamide,Zaccheaus,Olamide Zaccheaus,PHI,0,0,1,0,407,34,706,157,True,0,0,0,0,33,0,0,0,0,0,0,0,0,0,0,1,16,8,0,12,0,Olamide,Zaccheaus,3182.0,3180.0,4.0,26.0,12.0,Signed,Normal,73.0,0.0,0.0,PHI,tier_5,576.4872521246459,1776.0,0.0625,1.41643059490085,PHI,-6.0
421,TE,David,Njoku,David Njoku,CLE,0,0,5,0,738,88,1062,217,True,0,0,0,0,64,0,0,0,0,0,0,0,0,0,0,5,16,16,1,4,0,David,Njoku,2078.0,2076.0,6.0,27.0,4.0,Signed,Star,83.0,0.0,0.0,CLE,tier_3,694.9152542372882,1660.5,0.3125,4.708097928436911,CLE,-1.0
424,TE,T.J.,Hockenson,T.J. Hockenson,MIN,0,0,0,0,795,29,952,135,True,0,0,0,0,86,0,0,0,0,0,1,0,0,0,0,4,16,13,1,30,0,T.J.,Hockenson,1269.0,1267.0,4.0,26.0,30.0,Signed,Star,91.0,0.0,0.0,MIN,tier_1,835.0840336134454,1331.1627906976742,0.25,4.201680672268908,MIN,-1.0
427,TE,Dalton,Schultz,Dalton Schultz,HOU,0,0,2,0,770,31,955,193,True,0,0,0,0,71,0,0,0,0,0,2,0,0,0,0,7,16,11,1,31,0,Dalton,Schultz,2490.0,2488.0,5.0,27.0,31.0,Signed,Star,82.0,0.0,0.0,HOU,tier_3,806.282722513089,1561.6901408450701,0.4375,7.329842931937173,HOU,4.0
428,WR,Mike,Evans,Mike Evans,TB,0,0,0,0,1234,70,915,177,True,0,0,0,0,78,0,0,0,0,0,0,0,0,0,0,12,16,16,0,5,0,Mike,Evans,837.0,835.0,9.0,30.0,5.0,Signed,Superstar,90.0,0.0,0.0,TB,tier_1,1348.6338797814208,2278.1538461538457,0.75,13.114754098360656,TB,4.0
431,QB,Jordan,Love,Jordan Love,GB,206,3933,0,0,0,0,990,0,True,351,42,555,15,0,0,0,0,26,77,0,0,0,31,29,0,16,16,8,19,3,Jordan,Love,1753.0,1751.0,3.0,24.0,19.0,Signed,Normal,71.0,0.0,0.0,GB,tier_5,208.08080808080808,1471.4285714285716,0.1875,3.0303030303030303,,
432,HB,Aaron,Jones,Aaron Jones,GB,534,0,0,102,304,51,385,125,True,0,124,0,0,37,0,3,0,45,0,6,0,0,0,0,3,10,10,2,19,5,Aaron,Jones,1512.0,1510.0,6.0,28.0,19.0,Signed,Superstar,89.0,0.0,0.0,GB,tier_2,2176.6233766233768,1266.9316770186335,0.8,20.77922077922078,GB,1.0
434,TE,Kylen,Granson,Kylen Granson,IND,13,0,0,0,292,45,589,51,True,0,3,0,0,27,0,0,0,5,0,0,0,0,0,0,3,14,5,0,9,0,Kylen,Granson,1051.0,1049.0,2.0,25.0,9.0,Signed,Normal,68.0,0.0,0.0,IND,tier_6,517.8268251273345,1531.6,0.21428571428571427,5.093378607809847,IND,5.0
435,WR,Michael,Pittman Jr,Michael Pittman Jr,IND,0,0,2,0,920,75,942,113,True,0,0,0,0,84,0,0,0,0,0,0,0,0,0,0,6,15,15,1,9,0,Michael,Pittman Jr,2254.0,2252.0,3.0,25.0,9.0,Signed,Star,82.0,0.0,0.0,IND,tier_3,976.6454352441614,1577.142857142857,0.4,6.369426751592357,IND,2.0
436,WR,Michael,Gallup,Michael Gallup,DAL,13,0,0,0,767,29,685,221,True,0,5,0,0,65,0,0,0,5,0,0,0,0,0,0,4,15,15,0,10,0,Michael,Gallup,966.0,964.0,5.0,27.0,10.0,Signed,Star,81.0,0.0,0.0,DAL,tier_3,1138.6861313868612,1633.542857142857,0.26666666666666666,5.839416058394161,DAL,1.0
440,TE,Hayden,Hurst,Hayden Hurst,CAR,0,0,0,0,325,48,610,81,True,0,0,0,0,34,0,0,0,0,0,0,0,0,0,0,2,12,11,0,20,0,Hayden,Hurst,1353.0,1351.0,5.0,30.0,20.0,Signed,Normal,80.0,0.0,0.0,CAR,tier_3,532.7868852459017,1376.470588235294,0.16666666666666666,3.278688524590164,CAR,-4.0
442,HB,Darrell,Henderson Jr,Darrell Henderson Jr,DAL,332,0,1,85,147,32,317,52,True,0,98,0,0,18,0,3,0,35,0,4,0,0,0,0,0,10,6,0,10,4,Darrell,Henderson Jr,1207.0,1205.0,4.0,26.0,10.0,Signed,Normal,73.0,0.0,0.0,DAL,tier_5,1511.0410094637223,1041.103448275862,0.4,12.618296529968454,DAL,-1.0
444,WR,Rondale,Moore,Rondale Moore,ARI,155,0,1,0,558,100,824,214,True,0,22,0,0,50,0,0,0,45,0,1,0,0,0,0,2,16,11,0,6,1,Rondale,Moore,1986.0,1984.0,2.0,23.0,6.0,Signed,Normal,79.0,0.0,0.0,ARI,tier_4,865.2912621359224,1761.8333333333333,0.1875,3.6407766990291264,ARI,-2.0
449,WR,Nico,Collins,Nico Collins,HOU,7,0,0,0,1339,55,915,210,True,0,1,0,0,82,0,0,0,7,0,0,0,0,0,0,8,16,13,0,31,0,Nico,Collins,552.0,550.0,2.0,24.0,31.0,Signed,Star,77.0,0.0,0.0,HOU,tier_4,1471.0382513661202,2348.385542168675,0.5,8.743169398907105,HOU,10.0
451,QB,Tua,Tagovailoa,Tua Tagovailoa,MIA,112,4560,0,2,0,0,999,0,True,381,57,543,12,0,0,0,0,8,69,1,0,0,21,33,0,16,16,10,11,0,Tua,Tagovailoa,2727.0,2725.0,3.0,25.0,11.0,Signed,Star,85.0,0.0,0.0,MIA,tier_2,112.11211211211211,589.4736842105262,0.0,0.0,,
455,HB,Ty,Montgomery II,Ty Montgomery II,NE,227,0,2,116,118,14,327,103,True,0,36,0,0,19,0,3,0,46,0,8,0,0,0,0,0,15,6,0,21,0,Ty,Montgomery II,1968.0,1966.0,8.0,30.0,21.0,Signed,Normal,73.0,0.0,0.0,NE,tier_5,1055.0458715596328,1547.1272727272726,0.0,0.0,NE,7.0
461,WR,Randall,Cobb,Randall Cobb,NYJ,0,0,6,0,397,53,664,141,True,0,0,0,0,31,0,0,0,0,0,0,0,0,0,0,3,14,9,1,17,0,Randall,Cobb,527.0,525.0,12.0,33.0,17.0,Signed,Normal,74.0,0.0,0.0,NYJ,tier_5,597.8915662650602,1844.1290322580646,0.21428571428571427,4.518072289156627,NYJ,-4.0
462,WR,Deven,Thompkins,Deven Thompkins,TB,27,0,2,0,164,26,441,54,True,0,3,0,0,22,0,0,0,11,0,1,0,0,0,0,1,16,9,3,5,0,Deven,Thompkins,2790.0,2788.0,1.0,23.0,5.0,Signed,Normal,64.0,0.0,0.0,TB,tier_6,433.1065759637188,1268.6399999999999,0.0625,2.2675736961451247,TB,-2.0
464,WR,Christian,Watson,Christian Watson,GB,-5,0,3,0,805,77,703,217,True,0,1,0,0,58,0,0,0,0,0,0,0,0,0,0,3,13,13,0,19,0,Christian,Watson,2970.0,2968.0,1.0,24.0,19.0,Signed,Normal,73.0,0.0,0.0,GB,tier_5,1137.9800853485065,1939.322033898305,0.23076923076923078,4.2674253200568995,GB,2.0
465,WR,Trey,Palmer,Trey Palmer,TB,0,0,0,0,314,26,516,89,True,0,0,0,0,31,0,0,0,0,0,0,0,0,0,0,2,12,6,1,5,0,Trey,Palmer,2165.0,2163.0,0.0,22.0,5.0,Signed,Normal,70.0,0.0,0.0,TB,tier_5,608.5271317829457,1458.5806451612905,0.16666666666666666,3.875968992248062,TB,-3.0
467,HB,Khalil,Herbert,Khalil Herbert,CHI,645,0,0,78,239,23,523,141,True,0,139,0,0,31,0,2,0,38,0,4,0,0,0,0,2,12,12,1,0,2,Khalil,Herbert,1220.0,1218.0,2.0,25.0,0.0,Signed,Star,78.0,0.0,0.0,CHI,tier_4,1690.2485659655833,1340.6823529411765,0.3333333333333333,7.648183556405353,CHI,3.0
469,WR,Jayden,Reed,Jayden Reed,GB,32,0,5,0,751,46,746,146,True,0,5,0,0,55,0,0,0,21,0,0,0,0,0,0,6,16,15,1,19,0,Jayden,Reed,2338.0,2336.0,0.0,23.0,19.0,Signed,Normal,74.0,0.0,0.0,GB,tier_5,1049.597855227882,1962.3999999999996,0.375,8.04289544235925,GB,6.0
470,WR,Rashid,Shaheed,Rashid Shaheed,NO,33,0,2,0,843,58,771,156,True,0,7,0,0,57,0,0,0,12,0,2,0,0,0,0,5,15,10,1,26,0,Rashid,Shaheed,2516.0,2514.0,1.0,25.0,26.0,Signed,Normal,77.0,0.0,0.0,NO,tier_4,1136.1867704280155,2051.4375,0.3333333333333333,6.485084306095979,NO,2.0
477,WR,Donovan,Peoples-Jones,Donovan Peoples-Jones,DET,6,0,0,0,631,42,923,226,True,0,1,0,0,59,0,0,0,6,0,0,0,0,0,0,5,15,13,1,18,0,Donovan,Peoples-Jones,2207.0,2205.0,3.0,24.0,18.0,Signed,Star,78.0,0.0,0.0,DET,tier_4,690.1408450704225,1544.3999999999999,0.3333333333333333,5.417118093174431,DET,-3.0
478,WR,Zay,Jones,Zay Jones,JAX,0,0,0,0,456,22,474,130,True,0,0,0,0,38,0,0,0,0,0,0,0,0,0,0,3,10,9,0,16,0,Zay,Jones,1559.0,1557.0,6.0,28.0,16.0,Signed,Star,79.0,0.0,0.0,JAX,tier_4,962.0253164556963,1728.0,0.3,6.329113924050633,JAX,2.0
482,WR,Wan'Dale,Robinson,Wan'Dale Robinson,NYG,25,0,0,0,355,41,479,56,True,0,4,0,0,38,0,0,0,10,0,1,0,0,0,0,2,14,5,0,15,0,Wan'Dale,Robinson,2403.0,2401.0,1.0,22.0,15.0,Signed,Normal,74.0,0.0,0.0,NYG,tier_5,793.3194154488517,1395.7142857142858,0.14285714285714285,4.17536534446764,NYG,-2.0
493,WR,Josh,Downs,Josh Downs,IND,5,0,5,0,962,60,852,189,True,0,5,0,0,78,0,0,0,3,0,0,0,0,0,0,6,16,13,0,9,0,Josh,Downs,741.0,739.0,0.0,22.0,9.0,Signed,Star,74.0,0.0,0.0,IND,tier_5,1134.9765258215962,1687.0843373493976,0.375,7.042253521126761,IND,4.0
494,WR,Braxton,Berrios,Braxton Berrios,MIA,11,0,1,0,194,22,303,0,True,0,1,0,0,20,0,0,0,11,0,0,0,0,0,0,1,14,6,0,11,0,Braxton,Berrios,214.0,212.0,5.0,27.0,11.0,Signed,Normal,73.0,0.0,0.0,MIA,tier_5,676.5676567656766,1487.4285714285713,0.07142857142857142,3.3003300330033003,MIA,-3.0
496,WR,Tank,Dell,Tank Dell,HOU,26,0,0,0,764,68,563,130,True,0,9,0,0,53,0,0,0,11,0,0,0,0,0,0,6,12,10,1,31,0,Tank,Dell,692.0,690.0,0.0,23.0,31.0,Signed,Normal,75.0,0.0,0.0,HOU,tier_4,1403.197158081705,1900.258064516129,0.5,10.657193605683837,HOU,12.0
499,WR,Marvin,Mims Jr,Marvin Mims Jr,DEN,29,0,1,0,667,60,575,163,True,0,12,0,0,46,0,0,0,8,0,0,0,0,0,0,3,16,10,1,3,0,Marvin,Mims Jr,1944.0,1942.0,0.0,21.0,3.0,Signed,Star,76.0,0.0,0.0,DEN,tier_4,1210.4347826086957,1805.9999999999998,0.1875,5.217391304347826,DEN,4.0
500,WR,Odell,Beckham Jr,Odell Beckham Jr,BAL,0,0,0,0,308,32,385,63,True,0,0,0,0,30,0,0,0,0,0,0,0,0,0,0,3,13,10,1,24,0,Odell,Beckham Jr,185.0,183.0,9.0,30.0,24.0,Signed,Star,78.0,0.0,0.0,BAL,tier_4,800.0,1478.4,0.23076923076923078,7.792207792207792,BAL,0.0
501,HB,Raheem,Blackshear,Raheem Blackshear,CAR,274,0,0,75,143,19,327,89,True,0,79,0,0,18,0,1,0,57,0,5,0,0,0,0,0,12,2,0,20,2,Raheem,Blackshear,227.0,225.0,1.0,24.0,20.0,Signed,Normal,68.0,0.0,0.0,CAR,tier_6,1275.229357798165,1059.7113402061855,0.16666666666666666,6.116207951070336,CAR,-1.0
502,WR,Tyler,Lockett,Tyler Lockett,SEA,0,0,0,0,871,36,940,170,True,0,0,0,0,77,0,0,0,0,0,0,0,0,0,0,6,16,16,0,27,0,Tyler,Lockett,1740.0,1738.0,8.0,30.0,27.0,Signed,Star,87.0,0.0,0.0,SEA,tier_2,926.595744680851,1628.8831168831168,0.375,6.382978723404255,SEA,-3.0
503,HB,Justice,Hill,Justice Hill,BAL,403,0,1,85,84,24,390,16,True,0,80,0,0,18,0,2,0,49,0,2,0,0,0,0,0,15,6,1,24,3,Justice,Hill,1250.0,1248.0,4.0,25.0,24.0,Signed,Normal,76.0,0.0,0.0,BAL,tier_4,1248.7179487179487,1357.1020408163265,0.2,7.6923076923076925,BAL,4.0
506,WR,Marquise,Goodwin,Marquise Goodwin,CLE,33,0,2,0,362,32,500,161,True,0,5,0,0,33,0,0,0,20,0,1,0,0,0,0,3,15,7,0,4,0,Marquise,Goodwin,1035.0,1033.0,10.0,32.0,4.0,Signed,Normal,75.0,0.0,0.0,CLE,tier_4,790.0,1632.3157894736842,0.2,6.0,CLE,-2.0
511,WR,Tyreek,Hill,Tyreek Hill,MIA,25,0,0,0,1879,78,915,271,True,0,4,0,0,123,0,0,0,14,0,5,0,0,0,0,15,16,16,1,11,0,Tyreek,Hill,1257.0,1255.0,7.0,29.0,11.0,Signed,XFactor,99.0,0.0,0.0,MIA,tier_0,2080.874316939891,2189.574803149606,0.9375,16.393442622950822,MIA,3.0
515,WR,Calvin,Austin III,Calvin Austin III,PIT,31,0,2,1,361,72,479,99,True,0,9,0,0,29,0,0,0,10,0,0,0,0,0,0,2,16,6,1,28,0,Calvin,Austin III,109.0,107.0,1.0,24.0,28.0,Signed,Normal,72.0,0.0,0.0,PIT,tier_5,818.3716075156576,1612.7368421052631,0.125,4.17536534446764,PIT,0.0
517,WR,Deebo,Samuel,Deebo Samuel,SF,95,0,0,0,737,67,704,137,True,0,18,0,0,51,0,0,0,17,0,0,0,0,0,0,5,13,13,1,14,1,Deebo,Samuel,2460.0,2458.0,4.0,27.0,14.0,Signed,Superstar,86.0,0.0,0.0,SF,tier_2,1181.818181818182,1951.1304347826085,0.46153846153846156,8.522727272727272,SF,2.0
519,WR,Ray-Ray,McCloud III,Ray-Ray McCloud III,SF,23,0,1,0,192,41,357,48,True,0,2,0,0,19,0,0,0,15,0,1,0,0,0,0,0,16,9,0,14,0,Ray-Ray,McCloud III,1848.0,1846.0,6.0,26.0,14.0,Signed,Normal,72.0,0.0,0.0,SF,tier_5,602.2408963585434,1645.142857142857,0.0,0.0,SF,-4.0
520,HB,Christian,McCaffrey,Christian McCaffrey,SF,1375,0,0,372,579,35,890,206,True,0,284,0,0,66,0,10,0,65,0,19,0,0,0,0,6,16,16,3,14,15,Christian,McCaffrey,1841.0,1839.0,6.0,27.0,14.0,Signed,XFactor,98.0,0.0,0.0,SF,tier_0,2195.505617977528,1416.7885714285715,1.3125,23.59550561797753,SF,-1.0
528,WR,Cedrick,Wilson Jr,Cedrick Wilson Jr,MIA,0,0,0,0,429,31,509,141,True,0,0,0,0,37,0,0,0,0,0,0,0,0,0,0,2,13,6,0,11,0,Cedrick,Wilson Jr,3084.0,3082.0,5.0,27.0,11.0,Signed,Normal,75.0,0.0,0.0,MIA,tier_4,842.8290766208252,1669.6216216216217,0.15384615384615385,3.929273084479371,MIA,-2.0
529,HB,Tony,Pollard,Tony Pollard,DAL,833,0,2,145,279,60,617,62,True,0,194,0,0,39,0,4,0,42,0,8,0,0,0,0,0,13,13,2,10,4,Tony,Pollard,2262.0,2260.0,4.0,26.0,10.0,Signed,Star,88.0,0.0,0.0,DAL,tier_2,1802.2690437601295,1244.961373390558,0.3076923076923077,6.482982171799027,DAL,-4.0
538,WR,Jameson,Williams,Jameson Williams,DET,0,0,1,0,336,45,407,109,True,0,0,0,0,30,0,0,0,0,0,1,0,0,0,0,3,12,5,0,18,0,Jameson,Williams,3047.0,3045.0,1.0,22.0,18.0,Signed,Normal,77.0,0.0,0.0,DET,tier_4,825.5528255528255,1612.8000000000002,0.25,7.371007371007371,DET,0.0
