Row,Position,FirstName_x,LastName_x,FullName,TeamPrefixName,RUSHYARDS,PASSYARDS,RECEIVEDROPS,RUSHYARDSAFTER1STHIT,RECEIVEYARDS,RECEIVELONGEST,DOWNSPLAYED,RECEIVEYARDSAFTER,STAT_KEEP,PASSCOMPLETED,RUSHATTEMPTS,PASSATTEMPTS,PASSINTS,RECEIVECATCHES,FIRSTDOWNS,RUSH20YARDRUNS,SEAS_YEAR,RUSHLONGEST,PASSLONGEST,RUSHBROKENTACKLES,4QCOMEBACKS,GAMERATING,PASSSACKED,PASSTDS,RECEIVETDS,GAMESPLAYED,GAMESSTARTED,RUSHFUMBLES,YEARBYYEARTEAMINDEX,RUSHTDS,FirstName_y,LastName_y,Row Excel,Row Editor,YearsPro,TeamIndex,ContractStatus,OverallRating,SkillPoints,RegressionPoints,TeamName_x,RatingTier,ScrimmageYardsPer1000DownsPlayed,RBScrimmageYardsPer300Touches,RBScrimmageTDsPerGame,TDsPer1000DownsPlayed,TeamName_y,SkillPointOff
435,TE,Cameron,Brate,Cameron Brate,TB,3,0,0,0,144,14,691,93,True,0,1,0,0,17,0,0,1,3,0,0,0,0,0,0,0,15,3,0,5,0,Cameron,Brate,272.0,270.0,8.0,5.0,Signed,73.0,0.0,0.0,TB,tier_5,212.73516642547034,1202.0,0.0,0.0,TB,-3.0
436,QB,Justin,Fields,Justin Fields,CHI,241,2439,0,11,0,0,711,0,True,210,55,382,18,0,0,2,1,28,27,1,0,0,38,11,0,12,12,6,0,0,Justin,Fields,812.0,810.0,1.0,0.0,Signed,74.0,0.0,0.0,CHI,tier_5,338.95921237693386,1314.5454545454545,0.0,0.0,,
437,QB,Tom,Brady,Tom Brady,TB,147,4148,0,38,0,0,1016,0,True,348,36,543,10,0,0,1,1,41,35,1,0,0,29,27,0,15,15,2,5,1,Tom,Brady,267.0,265.0,22.0,5.0,Signed,95.0,0.0,0.0,TB,tier_0,144.68503937007873,1225.0,0.06666666666666667,0.984251968503937,,
439,TE,Jake,Ferguson,Jake Ferguson,DAL,0,0,1,0,85,12,596,58,True,0,0,0,0,14,0,0,1,0,0,0,0,0,0,0,4,15,3,0,10,0,Jake,Ferguson,3606.0,3604.0,0.0,10.0,Signed,67.0,0.0,0.0,DAL,tier_6,142.61744966442953,874.2857142857142,0.26666666666666666,6.7114093959731544,DAL,5.0
441,WR,Deebo,Samuel,Deebo Samuel,SF,56,0,0,33,849,26,967,332,True,0,14,0,0,64,0,0,1,13,0,5,0,0,0,0,6,15,15,0,14,2,Deebo,Samuel,2303.0,2301.0,3.0,14.0,Signed,90.0,0.0,0.0,SF,tier_1,935.8841778697001,1782.7692307692307,0.5333333333333333,8.273009307135471,SF,-4.0
442,WR,James,Washington,James Washington,DAL,3,0,1,0,503,21,582,234,True,0,1,0,0,49,0,0,1,3,0,0,0,0,0,0,4,12,12,0,10,0,James,Washington,2759.0,2757.0,4.0,10.0,Signed,73.0,0.0,0.0,DAL,tier_5,869.4158075601375,1466.6399999999999,0.3333333333333333,6.8728522336769755,DAL,2.0
443,QB,Dak,Prescott,Dak Prescott,DAL,317,3907,0,136,0,0,1025,0,True,345,55,517,16,0,0,3,1,63,30,4,0,0,23,30,0,15,15,6,10,2,Dak,Prescott,2130.0,2128.0,6.0,10.0,Signed,87.0,0.0,0.0,DAL,tier_2,309.2682926829268,1729.090909090909,0.13333333333333333,1.951219512195122,,
444,HB,Ezekiel,Elliott,Ezekiel Elliott,DAL,651,0,0,63,266,30,483,234,True,0,203,0,0,20,0,1,1,37,0,7,0,0,0,0,0,15,8,0,10,4,Ezekiel,Elliott,753.0,751.0,6.0,10.0,Signed,86.0,0.0,0.0,DAL,tier_2,1898.5507246376812,1047.5515695067263,0.26666666666666666,8.281573498964804,DAL,-5.0
445,TE,Tyler,Higbee,Tyler Higbee,LAR,0,0,5,0,563,23,1071,264,True,0,0,0,0,55,0,0,1,0,0,1,0,0,0,0,4,15,15,0,23,0,Tyler,Higbee,1158.0,1156.0,6.0,23.0,Signed,79.0,0.0,0.0,LAR,tier_4,525.6769374416433,1474.0363636363636,0.26666666666666666,3.734827264239029,LAR,-1.0
447,TE,Dalton,Schultz,Dalton Schultz,DAL,0,0,0,0,673,24,1169,326,True,0,0,0,0,69,0,0,1,0,0,3,0,0,0,0,7,15,15,0,10,0,Dalton,Schultz,2327.0,2325.0,4.0,10.0,Signed,81.0,0.0,0.0,DAL,tier_3,575.7057313943541,1404.5217391304348,0.4666666666666667,5.9880239520958085,DAL,-1.0
448,WR,Michael,Gallup,Michael Gallup,DAL,0,0,1,0,944,26,979,335,True,0,0,0,0,76,0,0,1,0,0,0,0,0,0,0,8,15,15,0,10,0,Michael,Gallup,900.0,898.0,4.0,10.0,Signed,81.0,0.0,0.0,DAL,tier_3,964.2492339121552,1788.6315789473683,0.5333333333333333,8.171603677221656,DAL,0.0
449,TE,Mike,Gesicki,Mike Gesicki,MIA,0,0,2,0,552,25,1076,239,True,0,0,0,0,50,0,0,1,0,0,4,0,0,0,0,3,15,15,0,11,0,Mike,Gesicki,926.0,924.0,4.0,11.0,Signed,83.0,0.0,0.0,MIA,tier_3,513.0111524163568,1589.76,0.2,2.7881040892193307,MIA,-3.0
450,QB,Tua,Tagovailoa,Tua Tagovailoa,MIA,351,3359,0,152,0,0,954,0,True,283,65,482,11,0,0,2,1,78,30,5,0,0,31,18,0,15,15,9,11,2,Tua,Tagovailoa,2552.0,2550.0,2.0,11.0,Signed,73.0,0.0,0.0,MIA,tier_5,367.92452830188677,1620.0,0.13333333333333333,2.0964360587002098,,
452,WR,Jaylen,Waddle,Jaylen Waddle,MIA,21,0,1,0,771,29,724,325,True,0,6,0,0,59,0,0,1,4,0,0,0,0,0,0,6,12,12,0,11,0,Jaylen,Waddle,2718.0,2716.0,1.0,11.0,Signed,84.0,0.0,0.0,MIA,tier_3,1093.9226519337017,1804.9846153846154,0.5,8.287292817679557,MIA,2.0
454,QB,Kenny,Pickett,Kenny Pickett,PIT,146,2343,0,52,0,0,617,0,True,200,32,328,15,0,0,1,1,47,27,2,0,0,29,10,0,15,10,3,28,2,Kenny,Pickett,3497.0,3495.0,0.0,28.0,Signed,71.0,0.0,0.0,PIT,tier_5,236.6288492706645,1368.75,0.13333333333333333,3.2414910858995136,,
457,WR,Anthony,Miller,Anthony Miller,PIT,3,0,1,0,318,21,560,139,True,0,1,0,0,31,0,0,1,3,0,0,0,0,0,0,1,14,3,0,28,0,Anthony,Miller,1804.0,1802.0,4.0,28.0,Signed,71.0,0.0,0.0,PIT,tier_5,573.2142857142857,1459.1249999999998,0.07142857142857142,1.7857142857142856,PIT,-5.0
458,WR,Kendrick,Bourne,Kendrick Bourne,NE,0,0,0,0,848,29,680,333,True,0,0,0,0,59,0,0,1,0,0,0,0,0,0,0,4,15,15,0,21,0,Kendrick,Bourne,247.0,245.0,5.0,21.0,Signed,77.0,0.0,0.0,NE,tier_4,1247.0588235294117,2069.694915254237,0.26666666666666666,5.88235294117647,NE,4.0
459,QB,Mitchell,Trubisky,Mitchell Trubisky,PIT,110,1225,0,0,0,0,419,0,True,116,34,171,4,0,0,0,1,4,34,0,0,0,12,8,0,15,8,4,28,1,Mitchell,Trubisky,2665.0,2663.0,5.0,28.0,Signed,68.0,0.0,0.0,PIT,tier_6,262.5298329355609,970.5882352941177,0.06666666666666667,2.3866348448687353,,
461,WR,Chase,Claypool,Chase Claypool,PIT,7,0,1,0,1018,27,895,368,True,0,2,0,0,75,0,0,1,4,0,0,0,0,0,0,6,15,15,0,28,0,Chase,Claypool,468.0,466.0,2.0,28.0,Signed,78.0,0.0,0.0,PIT,tier_4,1145.2513966480446,1931.0649350649348,0.4,6.70391061452514,PIT,2.0
462,WR,Diontae,Johnson,Diontae Johnson,PIT,10,0,1,0,814,23,928,291,True,0,3,0,0,64,0,0,1,4,0,0,0,0,0,0,4,15,15,3,28,0,Diontae,Johnson,1370.0,1368.0,3.0,28.0,Signed,85.0,0.0,0.0,PIT,tier_2,887.9310344827587,1794.2686567164178,0.26666666666666666,4.310344827586206,PIT,-3.0
463,WR,Drake,London,Drake London,ATL,0,0,4,0,812,22,923,309,True,0,0,0,0,63,0,0,1,0,0,0,0,0,0,0,3,15,15,0,13,0,Drake,London,3485.0,3483.0,0.0,13.0,Signed,75.0,0.0,0.0,ATL,tier_4,879.7399783315276,1856.0,0.2,3.2502708559046587,ATL,-2.0
465,TE,Anthony,Firkser,Anthony Firkser,ATL,19,0,0,0,229,23,683,129,True,0,12,0,0,28,0,0,1,4,0,2,0,0,0,0,0,15,6,0,13,0,Anthony,Firkser,817.0,815.0,4.0,13.0,Signed,70.0,0.0,0.0,ATL,tier_5,363.103953147877,966.9000000000001,0.0,0.0,ATL,-1.0
467,TE,Jonnu,Smith,Jonnu Smith,NE,0,0,0,0,112,14,607,74,True,0,0,0,0,17,0,0,1,0,0,1,0,0,0,0,2,15,3,0,21,0,Jonnu,Smith,2433.0,2431.0,5.0,21.0,Signed,75.0,0.0,0.0,NE,tier_4,184.51400329489292,948.7058823529411,0.13333333333333333,3.2948929159802307,NE,-5.0
473,WR,Bryan,Edwards,Bryan Edwards,ATL,5,0,1,0,551,23,663,201,True,0,3,0,0,41,0,0,1,4,0,0,0,0,0,0,2,12,12,0,13,0,Bryan,Edwards,730.0,728.0,2.0,13.0,Signed,76.0,0.0,0.0,ATL,tier_4,838.6123680241327,1837.3636363636365,0.16666666666666666,3.0165912518853695,ATL,-2.0
477,HB,Chase,Edmonds,Chase Edmonds,MIA,921,0,2,305,200,20,692,133,True,0,242,0,0,25,0,8,1,62,0,11,0,0,0,0,1,14,14,0,11,6,Chase,Edmonds,723.0,721.0,4.0,11.0,Signed,79.0,0.0,0.0,MIA,tier_4,1619.942196531792,1142.6966292134832,0.5,10.115606936416185,MIA,0.0
479,QB,Desmond,Ridder,Desmond Ridder,ATL,132,792,0,56,0,0,261,0,True,73,22,117,7,0,0,1,1,59,23,2,0,0,14,5,0,15,7,1,13,1,Desmond,Ridder,3551.0,3549.0,0.0,13.0,Signed,67.0,0.0,0.0,ATL,tier_6,505.7471264367817,1800.0,0.06666666666666667,3.8314176245210727,,
486,HB,Antonio,Williams,Antonio Williams,NYG,321,0,0,82,71,19,345,34,True,0,99,0,0,7,0,2,1,47,0,5,0,0,0,0,0,12,4,2,15,2,Antonio,Williams,2830.0,2828.0,2.0,15.0,Signed,67.0,0.0,0.0,NYG,tier_6,1136.231884057971,1004.9433962264151,0.16666666666666666,5.797101449275362,NYG,1.0
489,TE,James,O'Shaughnessy,James O'Shaughnessy,CHI,0,0,0,0,108,20,398,64,True,0,0,0,0,11,0,0,1,0,0,2,0,0,0,0,0,15,3,0,0,0,James,O'Shaughnessy,2020.0,2018.0,7.0,0.0,Signed,68.0,0.0,0.0,CHI,tier_6,271.356783919598,1413.8181818181815,0.0,0.0,CHI,0.0
490,WR,Elijah,Moore,Elijah Moore,NYJ,4,0,2,0,774,27,932,286,True,0,1,0,0,59,0,0,1,4,0,0,0,0,0,0,3,14,14,0,17,0,Elijah,Moore,1856.0,1854.0,1.0,17.0,Signed,80.0,0.0,0.0,NYJ,tier_3,834.763948497854,1877.6,0.21428571428571427,3.218884120171674,NYJ,-2.0
495,TE,Dawson,Knox,Dawson Knox,BUF,0,0,0,0,781,26,1180,364,True,0,0,0,0,73,0,0,1,0,0,1,0,0,0,0,4,15,15,0,2,0,Dawson,Knox,1516.0,1514.0,3.0,2.0,Signed,82.0,0.0,0.0,BUF,tier_3,661.864406779661,1540.6027397260275,0.26666666666666666,3.389830508474576,BUF,1.0
497,HB,Josh,Jacobs,Josh Jacobs,LV,1008,0,1,405,500,23,760,342,True,0,227,0,0,44,0,10,1,78,0,16,0,0,0,0,6,15,15,1,22,8,Josh,Jacobs,1320.0,1318.0,3.0,22.0,Signed,87.0,0.0,0.0,LV,tier_2,1984.2105263157894,1381.5498154981549,0.9333333333333333,18.421052631578945,LV,4.0
499,QB,Derek,Carr,Derek Carr,LV,265,4198,0,138,0,0,975,0,True,336,38,566,15,0,0,3,1,50,52,5,0,0,37,32,0,15,15,3,22,2,Derek,Carr,414.0,412.0,8.0,22.0,Signed,83.0,0.0,0.0,LV,tier_3,271.79487179487177,2092.1052631578946,0.13333333333333333,2.051282051282051,,
500,TE,Darren,Waller,Darren Waller,LV,0,0,1,0,888,28,1113,387,True,0,0,0,0,77,0,0,1,0,0,3,0,0,0,0,7,15,15,0,22,0,Darren,Waller,2738.0,2736.0,6.0,22.0,Signed,91.0,0.0,0.0,LV,tier_1,797.8436657681941,1660.6753246753246,0.4666666666666667,6.289308176100629,LV,-1.0
505,TE,Gerald,Everett,Gerald Everett,LAC,0,0,5,0,670,23,1194,274,True,0,0,0,0,64,0,0,1,0,0,0,0,0,0,0,5,15,15,0,7,0,Gerald,Everett,782.0,780.0,5.0,7.0,Signed,76.0,0.0,0.0,LAC,tier_4,561.1390284757118,1507.4999999999998,0.3333333333333333,4.187604690117253,LAC,-1.0
507,WR,D.J.,Moore,D.J. Moore,CAR,4,0,0,0,590,24,706,197,True,0,1,0,0,46,0,0,1,4,0,4,0,0,0,0,4,11,11,0,20,0,D.J.,Moore,1854.0,1852.0,4.0,20.0,Signed,85.0,0.0,0.0,CAR,tier_2,841.3597733711048,1833.191489361702,0.36363636363636365,5.6657223796034,CAR,-3.0
508,QB,Sam,Darnold,Sam Darnold,CAR,217,3317,0,103,0,0,873,0,True,284,35,502,16,0,0,2,1,57,29,3,0,0,33,14,0,15,15,7,20,1,Sam,Darnold,587.0,585.0,4.0,20.0,Signed,70.0,0.0,0.0,CAR,tier_5,248.56815578465063,1860.0,0.06666666666666667,1.1454753722794961,,
515,TE,Evan,Engram,Evan Engram,JAX,0,0,1,0,404,22,743,181,True,0,0,0,0,35,0,0,1,0,0,2,0,0,0,0,1,12,12,0,16,0,Evan,Engram,762.0,760.0,5.0,16.0,Signed,78.0,0.0,0.0,JAX,tier_4,543.7415881561238,1662.1714285714284,0.08333333333333333,1.3458950201884252,JAX,-3.0
516,WR,Laviska,Shenault Jr,Laviska Shenault Jr,JAX,0,0,5,0,434,25,601,174,True,0,0,0,0,35,0,0,1,0,0,0,0,0,0,0,2,15,12,0,16,0,Laviska,Shenault Jr,2363.0,2361.0,2.0,16.0,Signed,74.0,0.0,0.0,JAX,tier_5,722.1297836938436,1785.6,0.13333333333333333,3.327787021630616,JAX,-2.0
517,HB,Travis,Etienne Jr,Travis Etienne Jr,JAX,278,0,0,32,238,19,804,176,True,0,96,0,0,32,0,1,1,29,0,4,0,0,0,0,2,15,15,0,16,2,Travis,Etienne Jr,771.0,769.0,1.0,16.0,Signed,80.0,0.0,0.0,JAX,tier_3,641.7910447761194,919.3125,0.26666666666666666,4.975124378109452,JAX,-5.0
520,HB,Joe,Mixon,Joe Mixon,CIN,1184,0,1,506,416,37,757,339,True,0,261,0,0,34,0,11,1,75,0,19,0,0,0,0,1,15,15,1,1,10,Joe,Mixon,1831.0,1829.0,5.0,1.0,Signed,92.0,0.0,0.0,CIN,tier_1,2113.6063408190225,1407.1322033898305,0.7333333333333333,14.531043593130779,CIN,2.0
522,WR,Ja'Marr,Chase,Ja'Marr Chase,CIN,12,0,0,0,975,35,736,318,True,0,5,0,0,71,0,0,1,4,0,0,0,0,0,0,12,12,12,0,1,0,Ja'Marr,Chase,444.0,442.0,1.0,1.0,Signed,93.0,0.0,0.0,CIN,tier_1,1341.032608695652,1894.7368421052631,1.0,16.304347826086957,CIN,3.0
523,HB,Damien,Williams,Damien Williams,ATL,451,17,3,157,204,18,531,164,True,1,110,1,0,25,0,3,1,68,17,8,0,0,0,0,1,12,10,0,13,2,Damien,Williams,2835.0,2833.0,8.0,13.0,Signed,75.0,0.0,0.0,ATL,tier_4,1233.5216572504708,1219.822222222222,0.25,5.649717514124294,ATL,1.0
528,TE,Ian,Thomas,Ian Thomas,CAR,-1,0,1,0,367,25,933,185,True,0,1,0,0,35,0,0,1,0,0,3,0,0,0,0,0,15,9,0,20,0,Ian,Thomas,2605.0,2603.0,4.0,20.0,Signed,69.0,0.0,0.0,CAR,tier_6,392.2829581993569,1459.6666666666667,0.0,0.0,CAR,2.0
529,WR,Zach,Pascal,Zach Pascal,PHI,20,0,1,0,668,27,720,299,True,0,7,0,0,56,0,0,1,4,0,0,0,0,0,0,4,15,15,0,12,0,Zach,Pascal,2047.0,2045.0,5.0,12.0,Signed,76.0,0.0,0.0,PHI,tier_4,955.5555555555557,1622.095238095238,0.26666666666666666,5.555555555555555,PHI,-1.0
531,WR,A.J.,Brown,A.J. Brown,PHI,20,0,0,0,905,31,963,346,True,0,8,0,0,66,0,0,1,4,0,2,0,0,0,0,7,15,15,0,12,0,A.J.,Brown,301.0,299.0,3.0,12.0,Signed,87.0,0.0,0.0,PHI,tier_2,960.5399792315679,1842.162162162162,0.4666666666666667,7.268951194184839,PHI,-2.0
534,HB,Kenneth,Gainwell,Kenneth Gainwell,PHI,294,0,0,122,67,24,273,50,True,0,66,0,0,10,0,4,1,40,0,6,0,0,0,0,1,14,5,4,12,3,Kenneth,Gainwell,896.0,894.0,1.0,12.0,Signed,73.0,0.0,0.0,PHI,tier_5,1322.3443223443223,1287.4736842105262,0.2857142857142857,14.652014652014651,PHI,2.0
550,TE,Rob,Gronkowski,Rob Gronkowski,TB,0,0,1,0,581,27,1045,275,True,0,0,0,0,52,0,0,1,0,0,3,0,0,0,0,4,15,15,0,5,0,Rob,Gronkowski,1022.0,1020.0,11.0,5.0,Signed,78.0,0.0,0.0,TB,tier_4,555.9808612440191,1608.923076923077,0.26666666666666666,3.827751196172249,TB,-1.0
553,WR,Allen,Lazard,Allen Lazard,GB,3,0,2,0,849,26,864,306,True,0,1,0,0,61,0,0,1,3,0,0,0,0,0,0,3,13,13,0,19,0,Allen,Lazard,1565.0,1563.0,4.0,19.0,Signed,73.0,0.0,0.0,GB,tier_5,986.1111111111112,1986.3870967741934,0.23076923076923078,3.472222222222222,GB,0.0
554,HB,Leonard,Fournette,Leonard Fournette,TB,979,0,3,254,300,20,723,258,True,0,291,0,0,33,0,5,1,74,0,12,0,0,0,0,2,15,15,0,5,8,Leonard,Fournette,855.0,853.0,5.0,5.0,Signed,85.0,0.0,0.0,TB,tier_2,1769.0179806362378,1039.8148148148148,0.6666666666666666,13.831258644536652,TB,-1.0
555,WR,Russell,Gage Jr,Russell Gage Jr,TB,10,0,1,0,499,26,443,221,True,0,3,0,0,38,0,0,1,4,0,0,0,0,0,0,1,10,10,0,5,0,Russell,Gage Jr,892.0,890.0,4.0,5.0,Signed,76.0,0.0,0.0,TB,tier_4,1148.984198645598,1825.7560975609754,0.1,2.257336343115124,TB,0.0
557,WR,Chris,Godwin,Chris Godwin,TB,7,0,0,0,686,35,730,247,True,0,2,0,0,50,0,0,1,4,0,0,0,0,0,0,5,12,12,0,5,0,Chris,Godwin,956.0,954.0,5.0,5.0,Signed,88.0,0.0,0.0,TB,tier_2,949.3150684931508,1940.0769230769229,0.4166666666666667,6.8493150684931505,TB,-2.0
558,HB,Aaron,Jones,Aaron Jones,GB,1109,0,0,598,354,23,564,224,True,0,199,0,0,35,0,13,1,76,0,18,0,0,0,0,3,12,12,0,19,6,Aaron,Jones,1402.0,1400.0,5.0,19.0,Signed,86.0,0.0,0.0,GB,tier_2,2593.971631205674,1639.6410256410259,0.75,15.957446808510637,GB,6.0
560,WR,Mike,Evans,Mike Evans,TB,0,0,0,0,1296,30,1013,452,True,0,0,0,0,97,0,0,1,0,0,0,0,0,0,0,12,15,15,0,5,0,Mike,Evans,778.0,776.0,8.0,5.0,Signed,92.0,0.0,0.0,TB,tier_1,1279.3682132280355,1923.958762886598,0.8,11.846001974333662,TB,2.0
562,TE,Nick,Muse,Nick Muse,MIN,0,0,1,0,80,15,457,36,True,0,0,0,0,11,0,0,1,0,0,1,0,0,0,0,0,15,3,0,30,0,Nick,Muse,3705.0,3703.0,0.0,30.0,Signed,64.0,0.0,0.0,MIN,tier_6,175.054704595186,1047.2727272727273,0.0,0.0,MIN,-2.0
569,HB,Jermar,Jefferson,Jermar Jefferson,DET,272,0,0,41,108,18,257,61,True,0,91,0,0,13,0,1,1,45,0,1,0,0,0,0,2,12,3,3,18,2,Jermar,Jefferson,1337.0,1335.0,1.0,18.0,Signed,64.0,0.0,0.0,DET,tier_6,1478.5992217898834,934.1538461538461,0.3333333333333333,15.56420233463035,DET,0.0
571,WR,Brandon,Aiyuk,Brandon Aiyuk,SF,3,0,0,0,544,29,779,211,True,0,1,0,0,39,0,0,1,3,0,0,0,0,0,0,0,13,13,0,14,0,Brandon,Aiyuk,26.0,24.0,2.0,14.0,Signed,78.0,0.0,0.0,SF,tier_4,702.1822849807445,1980.8999999999999,0.0,0.0,SF,-6.0
572,HB,Elijah,Mitchell,Elijah Mitchell,SF,1426,0,1,643,289,19,773,245,True,0,302,0,0,36,0,15,1,68,0,19,0,0,0,0,0,15,15,0,14,12,Elijah,Mitchell,1829.0,1827.0,1.0,14.0,Signed,83.0,0.0,0.0,SF,tier_3,2218.6287192755494,1388.8047337278108,0.8,15.523932729624839,SF,3.0
574,WR,Hunter,Renfrow,Hunter Renfrow,LV,16,0,2,0,633,52,784,270,True,0,4,0,0,49,0,0,1,6,0,0,0,0,0,0,7,13,13,1,22,0,Hunter,Renfrow,2200.0,2198.0,3.0,22.0,Signed,83.0,0.0,0.0,LV,tier_3,827.8061224489795,1810.4150943396223,0.5384615384615384,8.928571428571429,LV,0.0
575,QB,Trey,Lance,Trey Lance,SF,495,3192,0,208,0,0,925,0,True,269,76,441,9,0,0,5,1,53,29,10,0,0,30,19,0,14,14,8,14,3,Trey,Lance,1543.0,1541.0,1.0,14.0,Signed,73.0,0.0,0.0,SF,tier_5,535.1351351351351,1953.9473684210527,0.21428571428571427,3.243243243243243,,
585,WR,Demarcus,Robinson,Demarcus Robinson,LV,0,0,1,0,585,26,513,236,True,0,0,0,0,40,0,0,1,0,0,0,0,0,0,0,2,11,11,0,22,0,Demarcus,Robinson,2246.0,2244.0,6.0,22.0,Signed,75.0,0.0,0.0,LV,tier_4,1140.3508771929824,2106.0,0.18181818181818182,3.898635477582846,LV,0.0
588,WR,Davante,Adams,Davante Adams,LV,0,0,0,0,953,35,875,370,True,0,0,0,0,68,0,0,1,0,0,1,0,0,0,0,5,14,14,0,22,0,Davante,Adams,6.0,4.0,8.0,22.0,Signed,99.0,0.0,0.0,LV,tier_0,1089.142857142857,2018.1176470588234,0.35714285714285715,5.714285714285714,LV,-5.0
601,TE,George,Kittle,George Kittle,SF,0,0,0,0,715,24,993,233,True,0,0,0,0,57,0,0,1,0,0,1,0,0,0,0,4,15,15,0,14,0,George,Kittle,1511.0,1509.0,5.0,14.0,Signed,96.0,0.0,0.0,SF,tier_0,720.0402819738167,1806.3157894736842,0.26666666666666666,4.028197381671702,SF,-4.0
602,TE,Greg,Dulcich,Greg Dulcich,DEN,0,0,1,0,260,23,814,131,True,0,0,0,0,30,0,0,1,0,0,0,0,0,0,0,4,15,9,0,3,0,Greg,Dulcich,3557.0,3555.0,0.0,3.0,Signed,72.0,0.0,0.0,DEN,tier_5,319.4103194103194,1248.0,0.26666666666666666,4.914004914004914,DEN,1.0
604,WR,Byron,Pringle,Byron Pringle,CHI,6,0,1,0,452,28,542,184,True,0,3,0,0,35,0,0,1,4,0,0,0,0,0,0,4,10,10,0,0,0,Byron,Pringle,2136.0,2134.0,4.0,0.0,Signed,71.0,0.0,0.0,CHI,tier_5,845.0184501845018,1760.2105263157894,0.4,7.380073800738007,CHI,2.0
607,WR,Courtland,Sutton,Courtland Sutton,DEN,4,0,0,0,1042,28,976,352,True,0,4,0,0,76,0,0,1,3,0,0,0,0,0,0,6,15,15,0,3,0,Courtland,Sutton,2539.0,2537.0,4.0,3.0,Signed,82.0,0.0,0.0,DEN,tier_3,1071.7213114754097,1890.6,0.4,6.147540983606557,DEN,1.0
608,WR,Tim,Patrick,Tim Patrick,DEN,16,0,0,0,675,27,802,278,True,0,6,0,0,63,0,0,1,4,0,0,0,0,0,0,4,15,15,0,3,0,Tim,Patrick,2051.0,2049.0,5.0,3.0,Signed,79.0,0.0,0.0,DEN,tier_4,861.5960099750623,1478.2608695652173,0.26666666666666666,4.987531172069826,DEN,-1.0
609,TE,Albert,Okwuegbunam,Albert Okwuegbunam,DEN,0,0,1,0,282,24,740,138,True,0,0,0,0,27,0,0,1,0,0,1,0,0,0,0,1,12,8,0,3,0,Albert,Okwuegbunam,1992.0,1990.0,2.0,3.0,Signed,70.0,0.0,0.0,DEN,tier_5,381.0810810810811,1503.9999999999998,0.08333333333333333,1.3513513513513513,DEN,-1.0
610,HB,Javonte,Williams,Javonte Williams,DEN,946,0,2,414,239,56,626,198,True,0,193,0,0,23,0,8,1,75,0,16,0,0,0,0,1,12,12,0,3,7,Javonte,Williams,2845.0,2843.0,1.0,3.0,Signed,86.0,0.0,0.0,DEN,tier_2,1892.97124600639,1473.2222222222224,0.6666666666666666,12.779552715654951,DEN,4.0
611,WR,Jerry,Jeudy,Jerry Jeudy,DEN,11,0,1,0,1258,24,1008,460,True,0,4,0,0,98,0,0,1,4,0,0,0,0,0,0,6,15,15,0,3,0,Jerry,Jeudy,1357.0,1355.0,2.0,3.0,Signed,80.0,0.0,0.0,DEN,tier_3,1258.9285714285713,1808.3529411764707,0.4,5.952380952380952,DEN,3.0
614,QB,Russell,Wilson,Russell Wilson,DEN,314,3956,0,51,0,0,1038,0,True,340,82,544,17,0,0,1,1,27,56,5,0,0,39,22,0,15,15,7,3,3,Russell,Wilson,2896.0,2894.0,10.0,3.0,Signed,88.0,0.0,0.0,DEN,tier_2,302.50481695568396,1148.780487804878,0.2,2.890173410404624,,
616,TE,J.J.,Arcega-Whiteside,J.J. Arcega-Whiteside,PHI,28,0,0,0,90,14,589,60,True,0,8,0,0,11,0,0,1,4,0,1,0,0,0,0,1,15,3,0,12,1,J.J.,Arcega-Whiteside,83.0,81.0,3.0,12.0,Signed,69.0,0.0,0.0,PHI,tier_6,200.339558573854,1124.2105263157891,0.13333333333333333,3.395585738539898,PHI,2.0
617,QB,Jalen,Hurts,Jalen Hurts,PHI,522,3623,0,225,0,0,964,0,True,310,86,482,17,0,0,3,1,88,35,9,0,0,32,25,0,15,15,8,12,4,Jalen,Hurts,1268.0,1266.0,2.0,12.0,Signed,74.0,0.0,0.0,PHI,tier_5,541.4937759336099,1820.9302325581396,0.26666666666666666,4.149377593360996,,
618,TE,Dallas,Goedert,Dallas Goedert,PHI,0,0,2,0,786,27,1020,318,True,0,0,0,0,70,0,0,1,0,0,1,0,0,0,0,5,15,15,0,12,0,Dallas,Goedert,958.0,956.0,4.0,12.0,Signed,85.0,0.0,0.0,PHI,tier_2,770.5882352941177,1616.9142857142856,0.3333333333333333,4.901960784313726,PHI,1.0
619,WR,DeVonta,Smith,DeVonta Smith,PHI,7,0,0,0,896,35,928,349,True,0,5,0,0,67,0,0,1,4,0,0,0,0,0,0,7,15,15,0,12,0,DeVonta,Smith,2422.0,2420.0,1.0,12.0,Signed,82.0,0.0,0.0,PHI,tier_3,973.0603448275862,1821.1666666666665,0.4666666666666667,7.543103448275862,PHI,0.0
621,TE,James,Mitchell,James Mitchell,DET,18,0,0,0,44,9,560,28,True,0,8,0,0,10,0,0,1,6,0,0,0,0,0,0,0,15,3,1,18,0,James,Mitchell,3654.0,3652.0,0.0,18.0,Signed,63.0,0.0,0.0,DET,tier_6,110.71428571428571,652.0,0.0,0.0,DET,-2.0
624,HB,D'Andre,Swift,D'Andre Swift,DET,551,0,1,141,281,23,543,184,True,0,147,0,0,29,0,4,1,51,0,6,0,0,0,0,1,10,10,2,18,2,D'Andre,Swift,2548.0,2546.0,2.0,18.0,Signed,80.0,0.0,0.0,DET,tier_3,1532.2283609576427,1169.1136363636363,0.3,5.524861878453039,DET,-3.0
626,TE,T.J.,Hockenson,T.J. Hockenson,DET,0,0,1,0,835,28,1145,333,True,0,0,0,0,71,0,0,1,0,0,3,0,0,0,0,5,15,15,0,18,0,T.J.,Hockenson,1187.0,1185.0,3.0,18.0,Signed,87.0,0.0,0.0,DET,tier_2,729.2576419213974,1693.5211267605634,0.3333333333333333,4.366812227074235,DET,0.0
627,QB,Jared,Goff,Jared Goff,DET,108,3777,0,0,0,0,1022,0,True,324,38,552,17,0,0,0,1,4,29,0,0,0,47,27,0,15,15,10,18,1,Jared,Goff,959.0,957.0,6.0,18.0,Signed,72.0,0.0,0.0,DET,tier_5,105.67514677103718,852.6315789473684,0.06666666666666667,0.9784735812133072,,
634,WR,DeVante,Parker,DeVante Parker,NE,0,0,2,0,795,27,939,250,True,0,0,0,0,61,0,0,1,0,0,0,0,0,0,0,7,15,15,0,21,0,DeVante,Parker,2038.0,2036.0,7.0,21.0,Signed,80.0,0.0,0.0,NE,tier_3,846.6453674121406,1876.7213114754097,0.4666666666666667,7.454739084132056,NE,0.0
635,HB,James,White,James White,NE,302,0,1,83,395,25,600,291,True,0,84,0,0,46,0,2,1,51,0,3,0,0,0,0,2,15,15,0,21,1,James,White,2805.0,2803.0,8.0,21.0,Signed,75.0,0.0,0.0,NE,tier_4,1161.6666666666665,1134.4615384615386,0.2,5.0,NE,-1.0
637,QB,Matthew,Stafford,Matthew Stafford,LAR,251,3357,0,133,0,0,915,0,True,290,37,482,8,0,0,3,1,67,63,5,0,0,26,28,0,15,15,1,23,1,Matthew,Stafford,2487.0,2485.0,13.0,23.0,Signed,85.0,0.0,0.0,LAR,tier_2,274.3169398907104,2035.1351351351352,0.06666666666666667,1.092896174863388,,
638,WR,Jakobi,Meyers,Jakobi Meyers,NE,16,0,1,0,972,23,873,376,True,0,6,0,0,84,0,0,1,4,0,0,0,0,0,0,5,15,15,1,21,0,Jakobi,Meyers,1797.0,1795.0,3.0,21.0,Signed,77.0,0.0,0.0,NE,tier_4,1131.729667812142,1608.5333333333335,0.3333333333333333,5.727376861397479,NE,1.0
640,HB,Damien,Harris,Damien Harris,NE,1167,0,0,608,90,21,369,69,True,0,210,0,0,12,0,13,1,75,0,15,0,0,0,0,0,15,15,0,21,11,Damien,Harris,1078.0,1076.0,3.0,21.0,Signed,82.0,0.0,0.0,NE,tier_3,3406.5040650406504,1635.4054054054054,0.7333333333333333,29.81029810298103,NE,8.0
641,TE,Hunter,Henry,Hunter Henry,NE,0,0,2,0,573,27,1060,248,True,0,0,0,0,54,0,0,1,0,0,1,0,0,0,0,5,15,15,0,21,0,Hunter,Henry,1142.0,1140.0,6.0,21.0,Signed,81.0,0.0,0.0,NE,tier_3,540.5660377358491,1527.9999999999998,0.3333333333333333,4.716981132075471,NE,-1.0
642,QB,Mac,Jones,Mac Jones,NE,201,3841,0,96,0,0,956,0,True,341,35,541,21,0,0,2,1,56,29,4,0,0,40,27,0,15,15,3,21,1,Mac,Jones,1432.0,1430.0,1.0,21.0,Signed,78.0,0.0,0.0,NE,tier_4,210.2510460251046,1722.857142857143,0.06666666666666667,1.0460251046025104,,
644,HB,Kenneth,Walker III,Kenneth Walker III,SEA,155,0,1,3,32,10,314,25,True,0,60,0,0,4,0,0,1,7,0,2,0,0,0,0,0,15,5,0,27,3,Kenneth,Walker III,3518.0,3516.0,0.0,27.0,Signed,79.0,0.0,0.0,SEA,tier_4,595.5414012738853,798.5625000000001,0.2,9.554140127388534,SEA,-5.0
649,WR,D.K.,Metcalf,D.K. Metcalf,SEA,3,0,0,0,984,27,813,362,True,0,1,0,0,74,0,0,1,3,0,0,0,0,0,0,6,14,14,0,27,0,D.K.,Metcalf,1795.0,1793.0,3.0,27.0,Signed,89.0,0.0,0.0,SEA,tier_2,1214.0221402214022,1901.28,0.42857142857142855,7.380073800738007,SEA,3.0
650,QB,Baker,Mayfield,Baker Mayfield,SEA,224,3613,0,61,0,0,922,0,True,316,51,536,17,0,0,2,1,41,27,2,0,0,35,22,0,15,15,3,27,0,Baker,Mayfield,1716.0,1714.0,4.0,27.0,Signed,77.0,0.0,0.0,SEA,tier_4,242.95010845986982,1317.6470588235295,0.0,0.0,,
651,HB,Chris,Carson,Chris Carson,SEA,777,0,2,315,140,17,608,98,True,0,163,0,0,22,0,9,1,50,0,11,0,0,0,0,1,12,12,0,27,6,Chris,Carson,417.0,415.0,5.0,27.0,Signed,81.0,0.0,0.0,SEA,tier_3,1508.2236842105262,1368.972972972973,0.5833333333333334,11.51315789473684,SEA,2.0
655,TE,Noah,Fant,Noah Fant,SEA,0,0,1,0,564,26,1071,251,True,0,0,0,0,56,0,0,1,0,0,0,0,0,0,0,3,15,15,0,27,0,Noah,Fant,789.0,787.0,3.0,27.0,Signed,81.0,0.0,0.0,SEA,tier_3,526.6106442577031,1450.285714285714,0.2,2.8011204481792715,SEA,-3.0
657,TE,Chris,Manhertz,Chris Manhertz,JAX,7,0,0,0,62,15,408,29,True,0,2,0,0,8,0,0,1,4,0,0,0,0,0,0,1,15,1,0,16,0,Chris,Manhertz,1682.0,1680.0,7.0,16.0,Signed,70.0,0.0,0.0,JAX,tier_5,169.11764705882354,1102.8,0.06666666666666667,2.450980392156863,JAX,-3.0
658,WR,Marvin,Jones Jr,Marvin Jones Jr,JAX,0,0,5,0,453,24,643,146,True,0,0,0,0,34,0,0,1,0,0,0,0,0,0,0,3,13,13,0,16,0,Marvin,Jones Jr,1401.0,1399.0,10.0,16.0,Signed,78.0,0.0,0.0,JAX,tier_4,704.5101088646968,1918.5882352941178,0.23076923076923078,4.665629860031105,JAX,-3.0
659,WR,Christian,Kirk,Christian Kirk,JAX,10,0,0,0,938,26,916,433,True,0,4,0,0,77,0,0,1,4,0,0,0,0,0,0,4,15,15,0,16,0,Christian,Kirk,1506.0,1504.0,4.0,16.0,Signed,80.0,0.0,0.0,JAX,tier_3,1034.9344978165939,1704.5925925925926,0.26666666666666666,4.366812227074235,JAX,1.0
662,TE,Adam,Trautman,Adam Trautman,NO,0,0,3,0,380,21,1117,184,True,0,0,0,0,42,0,0,1,0,0,2,0,0,0,0,6,15,15,0,26,0,Adam,Trautman,2657.0,2655.0,2.0,26.0,Signed,72.0,0.0,0.0,NO,tier_5,340.1969561324978,1302.8571428571431,0.4,5.371530886302597,NO,1.0
666,WR,Curtis,Samuel,Curtis Samuel,WAS,3,0,2,0,790,24,860,327,True,0,1,0,0,67,0,0,1,3,0,0,0,0,0,0,4,15,15,0,25,0,Curtis,Samuel,2302.0,2300.0,5.0,25.0,Signed,77.0,0.0,0.0,WAS,tier_4,922.093023255814,1686.1764705882351,0.26666666666666666,4.651162790697675,WAS,-1.0
668,TE,Logan,Thomas,Logan Thomas,WAS,0,0,5,0,475,23,1118,231,True,0,0,0,0,48,0,0,1,0,0,0,0,0,0,0,1,15,15,4,25,0,Logan,Thomas,2608.0,2606.0,8.0,25.0,Signed,77.0,0.0,0.0,WAS,tier_4,424.86583184257603,1425.0,0.06666666666666667,0.8944543828264758,WAS,-3.0
670,WR,Josh,Reynolds,Josh Reynolds,DET,3,0,2,0,493,26,493,211,True,0,4,0,0,39,0,0,1,3,0,0,0,0,0,0,3,14,8,0,18,0,Josh,Reynolds,2203.0,2201.0,5.0,18.0,Signed,73.0,0.0,0.0,DET,tier_5,1006.0851926977688,1671.906976744186,0.21428571428571427,6.085192697768763,DET,3.0
671,WR,Donovan,Peoples-Jones,Donovan Peoples-Jones,CLE,16,0,0,0,938,28,959,328,True,0,5,0,0,66,0,0,1,4,0,0,0,0,0,0,3,15,15,0,4,0,Donovan,Peoples-Jones,2065.0,2063.0,2.0,4.0,Signed,74.0,0.0,0.0,CLE,tier_5,994.7862356621481,1970.0281690140844,0.2,3.1282586027111576,CLE,0.0
673,TE,Harrison,Bryant,Harrison Bryant,CLE,79,0,0,49,97,18,501,68,True,0,10,0,0,14,0,1,1,52,0,1,0,0,0,0,2,15,4,0,4,1,Harrison,Bryant,339.0,337.0,2.0,4.0,Signed,69.0,0.0,0.0,CLE,tier_6,351.29740518962075,1569.5,0.2,5.9880239520958085,CLE,7.0
674,HB,Nick,Chubb,Nick Chubb,CLE,544,0,1,135,110,25,388,83,True,0,145,0,0,11,0,3,1,67,0,8,0,0,0,0,1,10,10,0,4,6,Nick,Chubb,456.0,454.0,4.0,4.0,Signed,96.0,0.0,0.0,CLE,tier_0,1685.5670103092784,1147.6923076923076,0.7,18.04123711340206,CLE,-5.0
675,HB,Kareem,Hunt,Kareem Hunt,CLE,468,0,0,216,232,20,355,203,True,0,98,0,0,23,0,5,1,65,0,14,0,0,0,0,2,11,11,0,4,3,Kareem,Hunt,1254.0,1252.0,5.0,4.0,Signed,84.0,0.0,0.0,CLE,tier_3,1971.830985915493,1436.4297520661157,0.45454545454545453,14.084507042253522,CLE,3.0
677,TE,David,Njoku,David Njoku,CLE,0,0,3,0,621,28,1106,304,True,0,0,0,0,65,0,0,1,0,0,0,0,0,0,0,7,15,15,0,4,0,David,Njoku,1952.0,1950.0,5.0,4.0,Signed,79.0,0.0,0.0,CLE,tier_4,561.4828209764918,1375.753846153846,0.4666666666666667,6.329113924050633,CLE,1.0
679,WR,Rashard,Higgins,Rashard Higgins,CAR,16,0,0,0,552,27,505,197,True,0,5,0,0,42,0,0,1,4,0,0,0,0,0,0,2,10,10,0,20,0,Rashard,Higgins,1160.0,1158.0,6.0,20.0,Signed,72.0,0.0,0.0,CAR,tier_5,1124.752475247525,1793.3617021276596,0.2,3.9603960396039604,CAR,2.0
680,WR,Michael,Thomas,Michael Thomas,NO,0,0,0,0,979,26,939,364,True,0,0,0,0,77,0,0,1,0,0,1,0,0,0,0,5,15,15,0,26,0,Michael,Thomas,2610.0,2608.0,6.0,26.0,Signed,87.0,0.0,0.0,NO,tier_2,1042.5985090521833,1830.8571428571427,0.3333333333333333,5.324813631522897,NO,0.0
682,WR,Robby,Anderson,Robby Anderson,CAR,0,0,2,0,1097,29,920,373,True,0,0,0,0,82,0,0,1,0,0,0,0,0,0,0,4,15,15,0,20,0,Robby,Anderson,69.0,67.0,6.0,20.0,Signed,80.0,0.0,0.0,CAR,tier_3,1192.391304347826,1926.4390243902437,0.26666666666666666,4.3478260869565215,CAR,1.0
684,WR,Christian,Watson,Christian Watson,GB,0,0,2,0,595,27,625,182,True,0,0,0,0,44,0,0,1,0,0,0,0,0,0,0,6,13,13,0,19,0,Christian,Watson,3511.0,3509.0,0.0,19.0,Signed,71.0,0.0,0.0,GB,tier_5,952.0,1947.272727272727,0.46153846153846156,9.6,GB,2.0
685,WR,Allen,Robinson II,Allen Robinson II,LAR,18,0,3,0,518,24,604,187,True,0,5,0,0,41,0,0,1,4,0,0,0,0,0,0,5,10,10,0,23,0,Allen,Robinson II,2240.0,2238.0,8.0,23.0,Signed,81.0,0.0,0.0,LAR,tier_3,887.4172185430464,1738.9565217391303,0.5,8.27814569536424,LAR,0.0
687,TE,Robert,Tonyan,Robert Tonyan,GB,0,0,0,0,716,23,708,320,True,0,0,0,0,64,0,0,1,0,0,2,0,0,0,0,5,10,10,0,19,0,Robert,Tonyan,2648.0,2646.0,4.0,19.0,Signed,77.0,0.0,0.0,GB,tier_4,1011.2994350282485,1611.0,0.5,7.062146892655367,GB,10.0
688,HB,Samaje,Perine,Samaje Perine,CIN,134,0,0,45,28,11,366,22,True,0,43,0,0,3,0,1,1,43,0,2,0,0,0,0,0,15,4,0,1,3,Samaje,Perine,2069.0,2067.0,6.0,1.0,Signed,71.0,0.0,0.0,CIN,tier_5,442.6229508196721,961.5652173913044,0.2,8.196721311475411,CIN,-1.0
690,TE,Marcedes,Lewis,Marcedes Lewis,GB,0,0,2,0,391,24,771,163,True,0,0,0,0,37,0,0,1,0,0,2,0,0,0,0,7,15,8,0,19,0,Marcedes,Lewis,1600.0,1598.0,16.0,19.0,Signed,73.0,0.0,0.0,GB,tier_5,507.13359273670557,1521.7297297297298,0.4666666666666667,9.079118028534372,GB,5.0
692,HB,A.J.,Dillon,A.J. Dillon,GB,339,0,1,49,151,18,318,140,True,0,107,0,0,19,0,1,1,42,0,4,0,0,0,0,1,12,4,2,19,6,A.J.,Dillon,662.0,660.0,2.0,19.0,Signed,79.0,0.0,0.0,GB,tier_4,1540.880503144654,979.7142857142858,0.5833333333333334,22.0125786163522,GB,0.0
694,QB,Aaron,Rodgers,Aaron Rodgers,GB,143,3996,0,0,0,0,995,0,True,349,44,567,10,0,0,0,1,4,27,0,0,0,21,28,0,15,15,3,19,2,Aaron,Rodgers,2257.0,2255.0,17.0,19.0,Signed,97.0,0.0,0.0,GB,tier_0,143.71859296482413,975.0,0.13333333333333333,2.0100502512562817,,
697,WR,Rashod,Bateman,Rashod Bateman,BAL,15,0,1,0,500,26,569,200,True,0,4,0,0,40,0,0,1,4,0,0,0,0,0,0,4,10,10,0,24,0,Rashod,Bateman,151.0,149.0,1.0,24.0,Signed,75.0,0.0,0.0,BAL,tier_4,905.0966608084359,1738.6363636363637,0.4,7.0298769771529,BAL,0.0
699,TE,Nick,Boyle,Nick Boyle,BAL,0,0,2,0,136,19,527,68,True,0,0,0,0,13,0,0,1,0,0,0,0,0,0,0,2,15,5,0,24,0,Nick,Boyle,257.0,255.0,7.0,24.0,Signed,75.0,0.0,0.0,BAL,tier_4,258.06451612903226,1506.4615384615383,0.13333333333333333,3.795066413662239,BAL,-3.0
700,WR,Garrett,Wilson,Garrett Wilson,NYJ,7,0,2,0,766,25,826,272,True,0,2,0,0,58,0,0,1,4,0,0,0,0,0,0,4,14,14,0,17,0,Garrett,Wilson,3487.0,3485.0,0.0,17.0,Signed,79.0,0.0,0.0,NYJ,tier_4,935.8353510895884,1873.3999999999999,0.2857142857142857,4.842615012106537,NYJ,-1.0
703,HB,Breece,Hall,Breece Hall,NYJ,885,0,2,440,249,25,531,171,True,0,167,0,0,29,0,11,1,69,0,15,0,0,0,0,0,13,13,0,17,5,Breece,Hall,3513.0,3511.0,0.0,17.0,Signed,84.0,0.0,0.0,NYJ,tier_3,2135.593220338983,1537.5306122448978,0.38461538461538464,9.416195856873822,NYJ,2.0
704,TE,Tyler,Conklin,Tyler Conklin,NYJ,14,0,0,0,72,14,630,43,True,0,10,0,0,10,0,0,1,4,0,1,0,0,0,0,3,15,3,0,17,0,Tyler,Conklin,509.0,507.0,4.0,17.0,Signed,77.0,0.0,0.0,NYJ,tier_4,136.5079365079365,728.4,0.2,4.761904761904763,NYJ,-3.0
705,TE,Cole,Kmet,Cole Kmet,CHI,0,0,2,0,451,26,969,192,True,0,0,0,0,39,0,0,1,0,0,0,0,0,0,0,2,15,15,0,0,0,Cole,Kmet,1514.0,1512.0,2.0,0.0,Signed,80.0,0.0,0.0,CHI,tier_3,465.42827657378746,1665.230769230769,0.13333333333333333,2.0639834881320946,CHI,-3.0
706,QB,Joe,Flacco,Joe Flacco,NYJ,42,1328,0,0,0,0,411,0,True,111,17,185,4,0,0,0,1,4,24,0,0,0,21,6,0,15,6,3,17,0,Joe,Flacco,826.0,824.0,14.0,17.0,Signed,68.0,0.0,0.0,NYJ,tier_6,102.18978102189782,741.1764705882354,0.0,0.0,,
707,TE,C.J.,Uzomah,C.J. Uzomah,NYJ,0,0,2,0,544,23,1133,265,True,0,0,0,0,48,0,0,1,0,0,4,0,0,0,0,5,15,15,0,17,0,C.J.,Uzomah,2689.0,2687.0,7.0,17.0,Signed,77.0,0.0,0.0,NYJ,tier_4,480.1412180052957,1632.0000000000002,0.3333333333333333,4.41306266548985,NYJ,-1.0
709,QB,Zach,Wilson,Zach Wilson,NYJ,145,2252,0,32,0,0,646,0,True,192,34,340,12,0,0,1,1,36,30,1,0,0,18,17,0,11,11,2,17,1,Zach,Wilson,2899.0,2897.0,1.0,17.0,Signed,75.0,0.0,0.0,NYJ,tier_4,224.45820433436535,1279.4117647058824,0.09090909090909091,1.5479876160990713,,
711,WR,Corey,Davis,Corey Davis,NYJ,11,0,1,0,934,30,744,379,True,0,5,0,0,67,0,0,1,4,0,0,0,0,0,0,4,15,15,0,17,0,Corey,Davis,602.0,600.0,5.0,17.0,Signed,78.0,0.0,0.0,NYJ,tier_4,1270.1612903225807,1913.8333333333333,0.26666666666666666,5.376344086021506,NYJ,4.0
713,HB,Jordan,Wilkins,Jordan Wilkins,TEN,138,0,2,20,87,10,313,84,True,0,55,0,0,14,0,1,1,21,0,3,0,0,0,0,2,14,5,0,29,3,Jordan,Wilkins,2825.0,2823.0,4.0,29.0,Signed,67.0,0.0,0.0,TEN,tier_6,718.8498402555911,781.5652173913043,0.35714285714285715,15.974440894568689,TEN,-1.0
714,TE,Austin,Hooper,Austin Hooper,TEN,0,0,3,0,673,25,1055,261,True,0,0,0,0,58,0,0,1,0,0,1,0,0,0,0,6,15,15,0,29,0,Austin,Hooper,1213.0,1211.0,6.0,29.0,Signed,77.0,0.0,0.0,TEN,tier_4,637.914691943128,1670.8965517241377,0.4,5.687203791469194,TEN,4.0
715,HB,Derrick,Henry,Derrick Henry,TEN,1029,0,0,427,236,21,573,220,True,0,221,0,0,25,0,13,1,52,0,15,0,0,0,0,2,11,11,1,29,11,Derrick,Henry,1141.0,1139.0,6.0,29.0,Signed,96.0,0.0,0.0,TEN,tier_0,2207.678883071553,1393.0243902439024,1.1818181818181819,22.68760907504363,TEN,0.0
716,WR,Zay,Jones,Zay Jones,JAX,0,0,0,0,372,25,326,134,True,0,0,0,0,30,0,0,1,0,0,0,0,0,0,0,0,14,5,0,16,0,Zay,Jones,1439.0,1437.0,5.0,16.0,Signed,74.0,0.0,0.0,JAX,tier_5,1141.1042944785277,1785.6,0.0,0.0,JAX,1.0
717,WR,Nick,Westbrook-Ikhine,Nick Westbrook-Ikhine,TEN,0,0,2,0,668,25,603,287,True,0,1,0,0,55,0,0,1,0,0,0,0,0,0,0,2,15,10,0,29,0,Nick,Westbrook-Ikhine,2798.0,2796.0,2.0,29.0,Signed,69.0,0.0,0.0,TEN,tier_6,1107.794361525705,1717.7142857142856,0.13333333333333333,3.316749585406302,TEN,5.0
719,QB,Ryan,Tannehill,Ryan Tannehill,TEN,163,3660,0,31,0,0,1021,0,True,319,42,485,8,0,0,1,1,21,30,2,0,0,29,25,0,15,15,8,29,1,Ryan,Tannehill,2555.0,2553.0,10.0,29.0,Signed,80.0,0.0,0.0,TEN,tier_3,159.64740450538687,1164.2857142857142,0.06666666666666667,0.9794319294809011,,
721,QB,Jimmy,Garoppolo,Jimmy Garoppolo,CLE,68,2391,0,0,0,0,644,0,True,208,25,342,11,0,0,0,1,4,28,0,0,0,25,19,0,10,10,2,4,0,Jimmy,Garoppolo,907.0,905.0,8.0,4.0,Signed,73.0,0.0,0.0,CLE,tier_5,105.59006211180125,816.0000000000001,0.0,0.0,,
724,QB,Jameis,Winston,Jameis Winston,NO,216,3462,0,56,0,0,943,0,True,318,49,511,12,0,0,1,1,52,33,2,0,0,38,24,0,15,15,6,26,0,Jameis,Winston,2909.0,2907.0,7.0,26.0,Signed,73.0,0.0,0.0,NO,tier_5,229.05620360551433,1322.4489795918366,0.0,0.0,,
727,QB,Jacoby,Brissett,Jacoby Brissett,CLE,47,1156,0,0,0,0,373,0,True,105,15,174,7,0,0,0,1,4,24,0,0,0,14,7,0,14,6,3,4,0,Jacoby,Brissett,287.0,285.0,6.0,4.0,Signed,69.0,0.0,0.0,CLE,tier_6,126.00536193029491,940.0,0.0,0.0,,
732,TE,Brevin,Jordan,Brevin Jordan,HOU,0,0,4,0,518,24,1075,238,True,0,0,0,0,54,0,0,1,0,0,0,0,0,0,0,2,15,15,0,31,0,Brevin,Jordan,1441.0,1439.0,1.0,31.0,Signed,69.0,0.0,0.0,HOU,tier_6,481.86046511627904,1381.3333333333333,0.13333333333333333,1.86046511627907,HOU,3.0
733,QB,Davis,Mills,Davis Mills,HOU,59,2514,0,0,0,0,707,0,True,225,19,390,11,0,0,0,1,4,27,0,0,0,26,16,0,12,12,6,31,0,Davis,Mills,1816.0,1814.0,1.0,31.0,Signed,68.0,0.0,0.0,HOU,tier_6,83.45120226308345,931.578947368421,0.0,0.0,,
734,WR,Brandin,Cooks,Brandin Cooks,HOU,11,0,0,0,932,26,932,340,True,0,7,0,0,67,0,0,1,4,0,0,0,0,0,0,6,15,15,0,31,0,Brandin,Cooks,517.0,515.0,8.0,31.0,Signed,88.0,0.0,0.0,HOU,tier_2,1011.8025751072961,1858.216216216216,0.4,6.437768240343348,HOU,0.0
739,TE,Jordan,Akins,Jordan Akins,NYG,0,0,0,0,536,24,1090,283,True,0,0,0,0,56,0,0,1,0,0,2,0,0,0,0,5,15,15,0,15,0,Jordan,Akins,29.0,27.0,4.0,15.0,Signed,72.0,0.0,0.0,NYG,tier_5,491.7431192660551,1378.285714285714,0.3333333333333333,4.587155963302752,NYG,3.0
742,TE,Kyle,Pitts,Kyle Pitts,ATL,0,0,1,0,444,22,810,196,True,0,0,0,0,41,0,0,1,0,0,2,0,0,0,0,6,12,12,0,13,0,Kyle,Pitts,2113.0,2111.0,1.0,13.0,Signed,89.0,0.0,0.0,ATL,tier_2,548.1481481481482,1559.4146341463415,0.5,7.407407407407407,ATL,0.0
744,WR,JuJu,Smith-Schuster,JuJu Smith-Schuster,KC,3,0,2,0,837,27,977,295,True,0,2,0,0,56,0,0,1,4,0,0,0,0,0,0,6,15,15,0,8,0,JuJu,Smith-Schuster,2459.0,2457.0,5.0,8.0,Signed,76.0,0.0,0.0,KC,tier_4,859.7748208802457,2093.5862068965516,0.4,6.1412487205731825,KC,-1.0
750,QB,Patrick,Mahomes,Patrick Mahomes,KC,324,4138,0,95,0,0,1013,0,True,343,63,530,8,0,0,2,1,53,34,7,0,0,19,33,0,15,15,1,8,5,Patrick,Mahomes,1676.0,1674.0,5.0,8.0,Signed,97.0,0.0,0.0,KC,tier_0,319.8420533070089,1542.857142857143,0.3333333333333333,4.935834155972359,,
751,HB,Clyde,Edwards-Helaire,Clyde Edwards-Helaire,KC,1007,0,0,459,285,21,624,228,True,0,230,0,0,36,0,10,1,75,0,14,0,0,0,0,1,12,12,2,8,5,Clyde,Edwards-Helaire,736.0,734.0,2.0,8.0,Signed,80.0,0.0,0.0,KC,tier_3,2070.512820512821,1290.0,0.5,9.615384615384617,KC,0.0
752,TE,Travis,Kelce,Travis Kelce,KC,0,0,3,0,993,34,1150,398,True,0,0,0,0,86,0,0,1,0,0,3,0,0,0,0,10,15,15,0,8,0,Travis,Kelce,1476.0,1474.0,9.0,8.0,Signed,99.0,0.0,0.0,KC,tier_0,863.4782608695652,1662.6976744186047,0.6666666666666666,8.695652173913043,KC,1.0
753,WR,Gabriel,Davis,Gabriel Davis,BUF,3,0,2,0,868,28,955,330,True,0,1,0,0,69,0,0,1,3,0,0,0,0,0,0,7,15,15,0,2,0,Gabriel,Davis,606.0,604.0,2.0,2.0,Signed,78.0,0.0,0.0,BUF,tier_4,912.041884816754,1798.4571428571428,0.4666666666666667,7.329842931937173,BUF,0.0
756,TE,Trey,McBride,Trey McBride,ARI,0,0,3,0,720,22,1137,343,True,0,0,0,0,79,0,0,1,0,0,2,0,0,0,0,8,15,15,0,6,0,Trey,McBride,3532.0,3530.0,0.0,6.0,Signed,74.0,0.0,0.0,ARI,tier_5,633.245382585752,1312.405063291139,0.5333333333333333,7.036059806508356,ARI,8.0
758,WR,Marquise,Brown,Marquise Brown,ARI,8,0,0,0,643,28,709,259,True,0,2,0,0,53,0,0,1,4,0,0,0,0,0,0,4,12,12,0,6,0,Marquise,Brown,323.0,321.0,3.0,6.0,Signed,83.0,0.0,0.0,ARI,tier_3,918.194640338505,1727.1272727272726,0.3333333333333333,5.6417489421720735,ARI,-1.0
760,WR,A.J.,Green,A.J. Green,ARI,23,0,1,0,671,28,895,263,True,0,12,0,0,58,0,0,1,4,0,0,0,0,0,0,7,15,15,0,6,0,A.J.,Green,999.0,997.0,11.0,6.0,Signed,78.0,0.0,0.0,ARI,tier_4,775.4189944134077,1478.9142857142858,0.4666666666666667,7.82122905027933,ARI,-2.0
762,TE,Pat,Freiermuth,Pat Freiermuth,PIT,0,0,1,0,617,23,1041,327,True,0,0,0,0,70,0,0,1,0,0,2,0,0,0,0,6,15,15,0,28,0,Pat,Freiermuth,870.0,868.0,1.0,28.0,Signed,78.0,0.0,0.0,PIT,tier_4,592.6993275696447,1269.2571428571428,0.4,5.763688760806916,PIT,1.0
764,HB,James,Conner,James Conner,ARI,858,0,1,309,236,21,686,200,True,0,210,0,0,28,0,7,1,53,0,14,0,0,0,0,1,12,12,0,6,7,James,Conner,513.0,511.0,5.0,6.0,Signed,83.0,0.0,0.0,ARI,tier_3,1594.7521865889214,1224.3025210084031,0.6666666666666666,11.661807580174926,ARI,3.0
765,QB,Kyler,Murray,Kyler Murray,ARI,343,3982,0,44,0,0,995,0,True,352,75,532,13,0,0,2,1,46,36,2,0,0,29,28,0,15,15,7,6,2,Kyler,Murray,1903.0,1901.0,3.0,6.0,Signed,84.0,0.0,0.0,ARI,tier_3,344.72361809045225,1372.0,0.13333333333333333,2.0100502512562817,,
766,WR,Rondale,Moore,Rondale Moore,ARI,15,0,1,0,498,26,548,209,True,0,7,0,0,39,0,0,1,4,0,0,0,0,0,0,2,12,10,0,6,0,Rondale,Moore,1861.0,1859.0,1.0,6.0,Signed,74.0,0.0,0.0,ARI,tier_5,936.1313868613139,1656.7826086956522,0.16666666666666666,3.6496350364963503,ARI,0.0
768,TE,Zach,Ertz,Zach Ertz,ARI,4,0,0,0,151,19,510,116,True,0,1,0,0,18,0,0,1,4,0,1,0,0,0,0,2,15,4,0,6,0,Zach,Ertz,767.0,765.0,9.0,6.0,Signed,74.0,0.0,0.0,ARI,tier_5,303.92156862745094,1207.578947368421,0.13333333333333333,3.9215686274509802,ARI,-1.0
773,QB,Daniel,Jones,Daniel Jones,NYG,387,3271,0,114,0,0,985,0,True,297,84,507,19,0,0,2,1,63,31,4,0,0,40,16,0,15,15,10,15,2,Daniel,Jones,1418.0,1416.0,3.0,15.0,Signed,71.0,0.0,0.0,NYG,tier_5,392.8934010152284,1382.142857142857,0.13333333333333333,2.0304568527918785,,
777,WR,Kenny,Golladay,Kenny Golladay,NYG,0,0,2,0,863,28,967,306,True,0,0,0,0,66,0,0,1,0,0,0,0,0,0,0,4,15,15,0,15,0,Kenny,Golladay,963.0,961.0,5.0,15.0,Signed,80.0,0.0,0.0,NYG,tier_3,892.4508790072389,1882.909090909091,0.26666666666666666,4.1365046535677354,NYG,-1.0
778,TE,Ricky,Seals-Jones,Ricky Seals-Jones,NYG,0,0,0,0,74,14,398,46,True,0,0,0,0,12,0,0,1,0,0,0,0,0,0,0,1,12,2,0,15,0,Ricky,Seals-Jones,2340.0,2338.0,5.0,15.0,Signed,69.0,0.0,0.0,NYG,tier_6,185.92964824120602,887.9999999999999,0.08333333333333333,2.512562814070352,NYG,-1.0
779,WR,Darius,Slayton,Darius Slayton,TEN,3,0,0,0,742,23,962,252,True,0,1,0,0,54,0,0,1,3,0,0,0,0,0,0,6,15,15,0,29,0,Darius,Slayton,2406.0,2404.0,3.0,29.0,Signed,76.0,0.0,0.0,TEN,tier_4,774.4282744282744,1959.0545454545452,0.4,6.237006237006238,TEN,-3.0
780,TE,Chigoziem,Okonkwo,Chigoziem Okonkwo,TEN,4,0,0,0,68,15,671,58,True,0,1,0,0,14,0,0,1,4,0,0,0,0,0,0,2,15,3,0,29,0,Chigoziem,Okonkwo,3620.0,3618.0,0.0,29.0,Signed,68.0,0.0,0.0,TEN,tier_6,107.30253353204174,732.8000000000001,0.13333333333333333,2.9806259314456036,TEN,-1.0
784,TE,Teagan,Quitoriano,Teagan Quitoriano,HOU,0,0,0,0,90,11,390,58,True,0,0,0,0,12,0,0,1,0,0,0,0,0,0,0,0,14,2,0,31,0,Teagan,Quitoriano,3647.0,3645.0,0.0,31.0,Signed,67.0,0.0,0.0,HOU,tier_6,230.76923076923077,1080.0,0.0,0.0,HOU,0.0
785,QB,Carson,Wentz,Carson Wentz,WAS,224,3642,0,33,0,0,963,0,True,323,61,511,17,0,0,1,1,36,26,1,0,0,36,20,0,15,15,5,25,0,Carson,Wentz,2792.0,2790.0,6.0,25.0,Signed,74.0,0.0,0.0,WAS,tier_5,232.60643821391486,1101.639344262295,0.0,0.0,,
787,WR,Terry,McLaurin,Terry McLaurin,WAS,4,0,0,0,1196,26,966,426,True,0,1,0,0,89,0,0,1,4,0,0,0,0,0,0,9,15,15,0,25,0,Terry,McLaurin,1765.0,1763.0,3.0,25.0,Signed,90.0,0.0,0.0,WAS,tier_1,1242.2360248447203,1926.933333333333,0.6,9.316770186335404,WAS,1.0
789,WR,Julio,Jones,Julio Jones,BAL,0,0,1,0,815,28,974,299,True,0,0,0,0,60,0,0,1,0,0,3,0,0,0,0,3,15,15,0,24,0,Julio,Jones,1429.0,1427.0,11.0,24.0,Signed,78.0,0.0,0.0,BAL,tier_4,836.7556468172485,1955.9999999999998,0.2,3.080082135523614,BAL,-2.0
790,HB,Tyler,Badie,Tyler Badie,BAL,272,0,0,98,109,22,325,83,True,0,68,0,0,17,0,3,1,45,0,5,0,0,0,0,1,15,14,0,24,1,Tyler,Badie,3674.0,3672.0,0.0,24.0,Signed,71.0,0.0,0.0,BAL,tier_5,1172.3076923076924,1144.6588235294116,0.13333333333333333,6.153846153846154,BAL,-1.0
794,HB,J.K.,Dobbins,J.K. Dobbins,BAL,409,0,0,53,109,22,378,98,True,0,142,0,0,15,0,2,1,40,0,4,0,0,0,0,0,11,11,1,24,2,J.K.,Dobbins,671.0,669.0,2.0,24.0,Signed,80.0,0.0,0.0,BAL,tier_3,1370.3703703703704,881.5031847133757,0.18181818181818182,5.291005291005291,BAL,-7.0
795,TE,Taysom,Hill,Taysom Hill,NO,27,0,0,0,117,20,579,77,True,0,8,0,0,16,0,0,1,4,0,0,0,0,0,0,3,15,3,0,26,0,Taysom,Hill,1174.0,1172.0,5.0,26.0,Signed,71.0,0.0,0.0,NO,tier_5,248.70466321243524,1039.5,0.2,5.181347150259067,NO,1.0
797,HB,Najee,Harris,Najee Harris,PIT,1137,0,2,382,403,34,806,328,True,0,273,0,0,42,0,10,1,67,0,15,0,0,0,0,1,15,15,3,28,11,Najee,Harris,1091.0,1089.0,1.0,28.0,Signed,89.0,0.0,0.0,PIT,tier_2,1910.6699751861042,1267.0857142857142,0.8,14.88833746898263,PIT,1.0
800,TE,Hayden,Hurst,Hayden Hurst,CIN,0,0,5,0,612,22,1095,274,True,0,0,0,0,59,0,0,1,0,0,2,0,0,0,0,7,15,15,0,1,0,Hayden,Hurst,1264.0,1262.0,4.0,1.0,Signed,75.0,0.0,0.0,CIN,tier_4,558.9041095890411,1493.6949152542372,0.4666666666666667,6.392694063926941,CIN,1.0
803,QB,Joe,Burrow,Joe Burrow,CIN,212,3175,0,93,0,0,790,0,True,277,45,418,10,0,0,2,1,77,37,3,0,0,26,27,0,14,14,2,1,4,Joe,Burrow,359.0,357.0,2.0,1.0,Signed,88.0,0.0,0.0,CIN,tier_2,268.3544303797468,1413.3333333333335,0.2857142857142857,5.063291139240507,,
804,WR,Tyler,Boyd,Tyler Boyd,CIN,20,0,1,0,664,28,799,282,True,0,7,0,0,55,0,0,1,4,0,0,0,0,0,0,7,15,15,0,1,0,Tyler,Boyd,255.0,253.0,6.0,1.0,Signed,82.0,0.0,0.0,CIN,tier_3,856.0700876095119,1638.9677419354837,0.4666666666666667,8.760951188986233,CIN,0.0
805,WR,Auden,Tate,Auden Tate,ATL,0,0,2,0,263,23,366,105,True,0,0,0,0,21,0,0,1,0,0,0,0,0,0,0,2,10,10,0,13,0,Auden,Tate,2559.0,2557.0,4.0,13.0,Signed,73.0,0.0,0.0,ATL,tier_5,718.5792349726776,1803.4285714285716,0.2,5.46448087431694,ATL,-1.0
806,HB,Darrell,Henderson Jr,Darrell Henderson Jr,LAR,413,0,0,138,108,14,315,87,True,0,94,0,0,14,0,3,1,63,0,4,0,0,0,0,0,10,6,0,23,2,Darrell,Henderson Jr,1134.0,1132.0,3.0,23.0,Signed,75.0,0.0,0.0,LAR,tier_4,1653.968253968254,1291.2222222222222,0.2,6.349206349206349,LAR,1.0
809,WR,Tee,Higgins,Tee Higgins,CIN,21,0,0,0,785,26,638,297,True,0,6,0,0,67,0,0,1,4,0,0,0,0,0,0,3,13,13,0,1,0,Tee,Higgins,1161.0,1159.0,2.0,1.0,Signed,81.0,0.0,0.0,CIN,tier_3,1263.3228840125391,1634.7945205479452,0.23076923076923078,4.702194357366771,CIN,3.0
810,WR,Justin,Jefferson,Justin Jefferson,MIN,7,0,0,0,1382,31,1064,507,True,0,3,0,0,104,0,0,1,4,0,2,0,0,0,0,11,15,15,0,30,1,Justin,Jefferson,1338.0,1336.0,2.0,30.0,Signed,94.0,0.0,0.0,MIN,tier_1,1305.451127819549,1879.5140186915887,0.8,11.278195488721805,MIN,2.0
811,HB,Alexander,Mattison,Alexander Mattison,MIN,266,0,1,80,119,20,315,98,True,0,92,0,0,16,0,2,1,42,0,4,0,0,0,0,0,15,5,0,30,7,Alexander,Mattison,1712.0,1710.0,3.0,30.0,Signed,77.0,0.0,0.0,MIN,tier_4,1222.2222222222224,897.5555555555555,0.4666666666666667,22.22222222222222,MIN,-2.0
812,TE,Irv,Smith Jr,Irv Smith Jr,MIN,0,0,6,0,446,24,1033,201,True,0,0,0,0,40,0,0,1,0,0,4,0,0,0,0,6,15,15,0,30,0,Irv,Smith Jr,2413.0,2411.0,3.0,30.0,Signed,76.0,0.0,0.0,MIN,tier_4,431.7521781219748,1605.6,0.4,5.808325266214908,MIN,1.0
814,HB,Dalvin,Cook,Dalvin Cook,MIN,825,0,0,272,201,22,733,169,True,0,221,0,0,24,0,8,1,50,0,10,0,0,0,0,2,13,13,3,30,7,Dalvin,Cook,514.0,512.0,5.0,30.0,Signed,94.0,0.0,0.0,MIN,tier_1,1399.7271487039563,1128.3428571428572,0.6923076923076923,12.278308321964529,MIN,-5.0
815,QB,Kirk,Cousins,Kirk Cousins,MIN,157,4345,0,0,0,0,1067,0,True,368,43,581,9,0,0,0,1,4,31,0,0,0,43,29,0,15,15,11,30,0,Kirk,Cousins,535.0,533.0,10.0,30.0,Signed,81.0,0.0,0.0,MIN,tier_3,147.14151827553889,1095.3488372093022,0.0,0.0,,
817,WR,Adam,Thielen,Adam Thielen,MIN,15,0,0,0,1193,29,992,432,True,0,4,0,0,89,0,0,1,4,0,0,0,0,0,0,6,15,15,0,30,0,Adam,Thielen,2596.0,2594.0,9.0,30.0,Signed,87.0,0.0,0.0,MIN,tier_2,1217.741935483871,1895.6129032258063,0.4,6.048387096774193,MIN,2.0
818,WR,K.J.,Osborn,K.J. Osborn,MIN,8,0,0,0,759,23,730,323,True,0,2,0,0,70,0,0,1,4,0,0,0,0,0,0,4,15,15,0,30,0,K.J.,Osborn,2018.0,2016.0,2.0,30.0,Signed,71.0,0.0,0.0,MIN,tier_5,1050.6849315068494,1551.3333333333333,0.26666666666666666,5.47945205479452,MIN,3.0
820,HB,Cam,Akers,Cam Akers,LAR,464,0,0,156,89,19,331,55,True,0,118,0,0,12,0,4,1,56,0,5,0,0,0,0,1,10,8,4,23,5,Cam,Akers,27.0,25.0,2.0,23.0,Signed,80.0,0.0,0.0,LAR,tier_3,1670.6948640483383,1169.3538461538462,0.6,18.12688821752266,LAR,-2.0
821,HB,D'Vonte,Price,D'Vonte Price,IND,430,0,1,215,101,20,384,67,True,0,77,0,0,13,0,5,1,60,0,9,0,0,0,0,1,15,6,0,9,4,D'Vonte,Price,3764.0,3762.0,0.0,9.0,Signed,63.0,0.0,0.0,IND,tier_6,1382.8125,1594.9333333333334,0.3333333333333333,13.020833333333334,IND,8.0
830,HB,Marlon,Mack,Marlon Mack,HOU,690,0,0,253,146,17,519,128,True,0,178,0,0,21,0,7,1,71,0,10,0,0,0,0,1,11,11,0,31,5,Marlon,Mack,1669.0,1667.0,5.0,31.0,Signed,74.0,0.0,0.0,HOU,tier_5,1610.7899807321774,1145.8492462311558,0.5454545454545454,11.560693641618496,HOU,2.0
835,FB,Kyle,Juszczyk,Kyle Juszczyk,SF,71,0,1,19,113,19,497,61,True,0,17,0,0,11,0,1,1,23,0,1,0,0,0,0,1,15,4,0,14,1,Kyle,Juszczyk,1454.0,1452.0,9.0,14.0,Signed,87.0,0.0,0.0,SF,tier_2,370.2213279678068,1341.8571428571427,0.13333333333333333,4.024144869215292,,
837,WR,Jalen,Guyton,Jalen Guyton,LAC,0,0,2,0,318,28,287,132,True,0,0,0,0,25,0,0,1,0,0,0,0,0,0,0,1,14,14,0,7,0,Jalen,Guyton,1030.0,1028.0,3.0,7.0,Signed,73.0,0.0,0.0,LAC,tier_5,1108.01393728223,1831.6799999999996,0.07142857142857142,3.484320557491289,LAC,2.0
838,QB,Justin,Herbert,Justin Herbert,LAC,195,4827,0,38,0,0,1042,0,True,404,53,626,12,0,0,1,1,37,63,2,0,0,31,43,0,15,15,3,7,2,Justin,Herbert,1144.0,1142.0,2.0,7.0,Signed,89.0,0.0,0.0,LAC,tier_2,187.14011516314778,1103.7735849056603,0.13333333333333333,1.9193857965451055,,
839,HB,Austin,Ekeler,Austin Ekeler,LAC,832,0,0,261,505,32,765,394,True,0,218,0,0,58,0,5,1,75,0,13,0,0,0,0,5,14,14,0,7,6,Austin,Ekeler,744.0,742.0,5.0,7.0,Signed,86.0,0.0,0.0,LAC,tier_2,1747.7124183006536,1167.8260869565217,0.7857142857142857,14.37908496732026,LAC,-1.0
840,TE,O.J.,Howard,O.J. Howard,BUF,0,0,1,0,63,13,440,39,True,0,0,0,0,10,0,0,1,0,0,0,0,0,0,0,2,15,4,0,2,0,O.J.,Howard,1224.0,1222.0,5.0,2.0,Signed,75.0,0.0,0.0,BUF,tier_4,143.1818181818182,907.2,0.13333333333333333,4.545454545454545,BUF,-3.0
841,WR,Mike,Williams,Mike Williams,LAC,4,0,0,0,1072,44,856,358,True,0,1,0,0,84,0,0,1,4,0,0,0,0,0,0,13,14,14,0,7,0,Mike,Williams,2853.0,2851.0,5.0,7.0,Signed,85.0,0.0,0.0,LAC,tier_2,1257.0093457943924,1830.2117647058822,0.9285714285714286,15.186915887850468,LAC,6.0
845,WR,Keenan,Allen,Keenan Allen,LAC,8,0,1,0,1381,63,1034,506,True,0,2,0,0,92,0,0,1,4,0,6,0,0,0,0,10,15,15,0,7,0,Keenan,Allen,48.0,46.0,9.0,7.0,Signed,92.0,0.0,0.0,LAC,tier_1,1343.3268858800773,2141.106382978723,0.6666666666666666,9.671179883945841,LAC,1.0
846,TE,Jody,Fortson,Jody Fortson,KC,0,0,2,0,142,20,581,68,True,0,0,0,0,16,0,0,1,0,0,0,0,0,0,0,2,15,4,0,8,0,Jody,Fortson,3025.0,3023.0,2.0,8.0,Signed,64.0,0.0,0.0,KC,tier_6,244.40619621342512,1278.0,0.13333333333333333,3.442340791738382,KC,2.0
848,HB,Ronald,Jones II,Ronald Jones II,KC,517,0,0,203,72,13,327,57,True,0,123,0,0,13,0,6,1,43,0,7,0,0,0,0,1,14,6,0,8,4,Ronald,Jones II,1399.0,1397.0,4.0,8.0,Signed,77.0,0.0,0.0,KC,tier_4,1801.223241590214,1216.6764705882351,0.35714285714285715,15.290519877675841,KC,1.0
850,QB,Josh,Allen,Josh Allen,BUF,515,4061,0,152,0,0,1034,0,True,347,88,533,10,0,0,3,1,67,49,5,0,0,26,28,0,15,15,5,2,3,Josh,Allen,46.0,44.0,4.0,2.0,Signed,94.0,0.0,0.0,BUF,tier_1,498.0657640232108,1755.6818181818182,0.2,2.9013539651837523,,
853,TE,Jelani,Woods,Jelani Woods,IND,51,0,0,12,105,19,649,79,True,0,13,0,0,14,0,0,1,16,0,3,0,0,0,0,0,15,3,0,9,0,Jelani,Woods,3550.0,3548.0,0.0,9.0,Signed,68.0,0.0,0.0,IND,tier_6,240.36979969183358,1126.6666666666667,0.0,0.0,IND,0.0
855,QB,Matt,Ryan,Matt Ryan,IND,105,3917,0,0,0,0,1031,0,True,347,36,569,20,0,0,0,1,4,29,0,0,0,34,23,0,15,15,5,9,0,Matt,Ryan,2293.0,2291.0,14.0,9.0,Signed,82.0,0.0,0.0,IND,tier_3,101.84287099903007,875.0,0.0,0.0,,
856,TE,Mo,Alie-Cox,Mo Alie-Cox,IND,0,0,2,0,535,25,1137,245,True,0,0,0,0,51,0,0,1,0,0,2,0,0,0,0,3,15,15,0,9,0,Mo,Alie-Cox,38.0,36.0,4.0,9.0,Signed,75.0,0.0,0.0,IND,tier_4,470.5364995602462,1510.5882352941176,0.2,2.638522427440633,IND,-2.0
858,WR,Michael,Pittman Jr,Michael Pittman Jr,IND,4,0,0,0,921,25,1017,335,True,0,1,0,0,68,0,0,1,4,0,0,0,0,0,0,7,15,15,0,9,0,Michael,Pittman Jr,2112.0,2110.0,2.0,9.0,Signed,83.0,0.0,0.0,IND,tier_3,909.5378564405113,1939.4782608695652,0.4666666666666667,6.88298918387414,IND,0.0
859,WR,Parris,Campbell,Parris Campbell,IND,8,0,1,0,810,29,673,299,True,0,2,0,0,63,0,0,1,4,0,0,0,0,0,0,4,12,12,0,9,0,Parris,Campbell,396.0,394.0,3.0,9.0,Signed,72.0,0.0,0.0,IND,tier_5,1215.453194650817,1831.3846153846155,0.3333333333333333,5.943536404160475,IND,6.0
860,HB,Jonathan,Taylor,Jonathan Taylor,IND,860,0,1,403,175,20,510,169,True,0,188,0,0,26,0,10,1,59,0,14,0,0,0,0,0,11,11,0,9,7,Jonathan,Taylor,2572.0,2570.0,2.0,9.0,Signed,96.0,0.0,0.0,IND,tier_0,2029.4117647058822,1323.3644859813082,0.6363636363636364,13.72549019607843,IND,-2.0
862,WR,John,Metchie III,John Metchie III,HOU,6,0,0,0,458,27,524,163,True,0,2,0,0,37,0,0,1,3,0,0,0,0,0,0,2,10,10,0,31,0,John,Metchie III,3521.0,3519.0,0.0,31.0,Signed,75.0,0.0,0.0,HOU,tier_4,885.4961832061069,1737.230769230769,0.2,3.8167938931297707,HOU,-2.0
865,WR,Joshua,Palmer,Joshua Palmer,LAC,12,0,2,0,720,25,619,306,True,0,3,0,0,59,0,0,1,4,0,0,0,0,0,0,4,15,4,0,7,0,Joshua,Palmer,2031.0,2029.0,1.0,7.0,Signed,71.0,0.0,0.0,LAC,tier_5,1182.5525040387722,1730.3225806451612,0.26666666666666666,6.462035541195477,LAC,3.0
866,WR,David,Moore,David Moore,CHI,3,0,0,0,284,25,278,119,True,0,1,0,0,23,0,0,1,3,0,0,0,0,0,0,2,15,6,0,0,0,David,Moore,1855.0,1853.0,5.0,0.0,Signed,69.0,0.0,0.0,CHI,tier_6,1032.3741007194244,1741.5,0.13333333333333333,7.194244604316547,CHI,8.0
868,TE,Brycen,Hopkins,Brycen Hopkins,LAR,28,0,0,0,71,23,464,39,True,0,10,0,0,7,0,0,1,4,0,0,0,0,0,0,1,15,4,0,23,0,Brycen,Hopkins,1214.0,1212.0,2.0,23.0,Signed,64.0,0.0,0.0,LAR,tier_6,213.36206896551724,1095.5294117647059,0.06666666666666667,2.155172413793103,LAR,1.0
869,HB,James,Robinson,James Robinson,JAX,801,0,0,234,33,8,356,31,True,0,203,0,0,7,0,6,1,58,0,11,0,0,0,0,1,14,14,1,16,8,James,Robinson,2248.0,2246.0,2.0,16.0,Signed,83.0,0.0,0.0,JAX,tier_3,2342.696629213483,1166.9142857142856,0.6428571428571429,25.280898876404493,JAX,0.0
870,QB,Marcus,Mariota,Marcus Mariota,ATL,271,2481,0,50,0,0,755,0,True,229,67,381,11,0,0,1,1,46,25,3,0,0,42,13,0,12,12,6,13,2,Marcus,Mariota,1686.0,1684.0,7.0,13.0,Signed,68.0,0.0,0.0,ATL,tier_6,358.94039735099335,1213.4328358208954,0.16666666666666666,2.6490066225165565,,
872,TE,Mark,Andrews,Mark Andrews,BAL,0,0,1,0,849,34,974,372,True,0,0,0,0,74,0,0,1,0,0,1,0,0,0,0,7,14,14,0,24,0,Mark,Andrews,75.0,73.0,4.0,24.0,Signed,93.0,0.0,0.0,BAL,tier_1,871.6632443531828,1652.1081081081081,0.5,7.186858316221766,BAL,3.0
874,QB,Lamar,Jackson,Lamar Jackson,BAL,585,3494,0,138,0,0,979,0,True,308,136,476,11,0,0,3,1,68,34,5,0,0,27,26,0,15,15,4,24,5,Lamar,Jackson,1312.0,1310.0,4.0,24.0,Signed,89.0,0.0,0.0,BAL,tier_2,597.5485188968335,1290.4411764705883,0.3333333333333333,5.107252298263534,,
877,WR,Jahan,Dotson,Jahan Dotson,WAS,0,-16384,0,-4096,646,-128,681,-4096,False,0,0,0,0,54,0,0,1,-128,-128,0,0,0,0,0,3,15,0,0,25,0,Jahan,Dotson,3493.0,3491.0,0.0,25.0,Signed,74.0,0.0,0.0,WAS,tier_5,948.6049926578561,1722.6666666666665,0.2,4.405286343612335,WAS,1.0
878,WR,Devin,Duvernay,Devin Duvernay,BAL,-1,-16384,0,-4096,605,-128,821,-4096,False,0,4,0,0,54,0,0,1,-128,-128,0,0,0,0,0,5,15,0,0,24,0,Devin,Duvernay,712.0,710.0,2.0,24.0,Signed,72.0,0.0,0.0,BAL,tier_5,735.6881851400731,1496.8965517241377,0.3333333333333333,6.090133982947624,BAL,-1.0
879,WR,Kadarius,Toney,Kadarius Toney,NYG,-1,-16384,0,-4096,701,-128,861,-4096,False,0,1,0,0,61,0,0,1,-128,-128,0,0,0,0,0,1,15,0,0,15,0,Kadarius,Toney,2645.0,2643.0,1.0,15.0,Signed,75.0,0.0,0.0,NYG,tier_4,813.0081300813008,1623.290322580645,0.06666666666666667,1.1614401858304297,NYG,-4.0
881,WR,Richie,James Jr,Richie James Jr,NYG,3,-16384,0,-4096,228,-128,283,-4096,False,0,1,0,0,18,0,0,1,-128,-128,0,0,0,0,0,0,12,0,0,15,0,Richie,James Jr,1326.0,1324.0,4.0,15.0,Signed,71.0,0.0,0.0,NYG,tier_5,816.2544169611308,1775.3684210526314,0.0,0.0,NYG,-1.0
882,WR,Phillip,Dorsett II,Phillip Dorsett II,HOU,23,-16384,0,-4096,708,-128,794,-4096,False,0,8,0,0,60,0,0,1,-128,-128,0,0,0,0,0,2,15,0,0,31,0,Phillip,Dorsett II,679.0,677.0,7.0,31.0,Signed,73.0,0.0,0.0,HOU,tier_5,920.6549118387909,1600.764705882353,0.13333333333333333,2.5188916876574305,HOU,0.0
884,HB,Kyren,Williams,Kyren Williams,LAR,400,-16384,0,-4096,50,-128,571,-4096,False,0,87,0,0,9,0,0,1,-128,-128,0,0,0,0,0,0,15,0,0,23,2,Kyren,Williams,3641.0,3639.0,0.0,23.0,Signed,67.0,0.0,0.0,LAR,tier_6,788.0910683012258,1325.0,0.13333333333333333,3.502626970227671,LAR,4.0
886,WR,Jalen,Tolbert,Jalen Tolbert,DAL,6,-16384,0,-4096,674,-128,558,-4096,False,0,2,0,0,49,0,0,1,-128,-128,0,0,0,0,0,5,14,0,0,10,0,Jalen,Tolbert,3565.0,3563.0,0.0,10.0,Signed,72.0,0.0,0.0,DAL,tier_5,1218.6379928315412,1938.3529411764705,0.35714285714285715,8.960573476702509,DAL,7.0
888,WR,Tyreek,Hill,Tyreek Hill,MIA,7,-16384,0,-4096,873,-128,1004,-4096,False,0,2,0,0,68,0,0,1,-128,-128,0,0,0,0,0,7,15,0,0,11,0,Tyreek,Hill,1178.0,1176.0,6.0,11.0,Signed,96.0,0.0,0.0,MIA,tier_0,876.4940239043825,1825.8857142857141,0.4666666666666667,6.972111553784861,MIA,-7.0
889,WR,Scotty,Miller,Scotty Miller,TB,0,-16384,0,-4096,255,-128,273,-4096,False,0,0,0,0,23,0,0,1,-128,-128,0,0,0,0,0,1,13,0,0,5,0,Scotty,Miller,1812.0,1810.0,3.0,5.0,Signed,75.0,0.0,0.0,TB,tier_4,934.0659340659341,1596.5217391304345,0.07692307692307693,3.663003663003663,TB,-2.0
892,WR,Andre,Roberts,Andre Roberts,CAR,-2,-16384,0,-4096,279,-128,449,-4096,False,0,1,0,0,22,0,0,1,-128,-128,0,0,0,0,0,1,15,0,0,20,0,Andre,Roberts,2232.0,2230.0,12.0,20.0,Signed,69.0,0.0,0.0,CAR,tier_6,616.9265033407572,1720.695652173913,0.06666666666666667,2.2271714922048997,CAR,1.0
895,WR,Keke,Coutee,Keke Coutee,IND,6,-16384,0,-4096,413,-128,381,-4096,False,0,2,0,0,36,0,0,1,-128,-128,0,0,0,0,0,2,13,0,0,9,0,Keke,Coutee,536.0,534.0,4.0,9.0,Signed,71.0,0.0,0.0,IND,tier_5,1099.737532808399,1612.4210526315787,0.15384615384615385,5.2493438320209975,IND,3.0
896,HB,Boston,Scott,Boston Scott,PHI,471,-16384,0,-4096,103,-128,416,-4096,False,0,120,0,0,15,0,0,1,-128,-128,0,0,0,0,0,0,11,0,0,12,4,Boston,Scott,2332.0,2330.0,4.0,12.0,Signed,74.0,0.0,0.0,PHI,tier_5,1379.8076923076924,1156.5333333333333,0.36363636363636365,9.615384615384617,PHI,1.0
900,WR,Van,Jefferson,Van Jefferson,LAR,17,-16384,0,-4096,369,-128,473,-4096,False,0,10,0,0,32,0,0,1,-128,-128,0,0,0,0,0,6,12,0,0,23,0,Van,Jefferson,1341.0,1339.0,2.0,23.0,Signed,76.0,0.0,0.0,LAR,tier_4,816.0676532769556,1386.5714285714287,0.5,12.684989429175475,LAR,3.0
901,WR,Damiere,Byrd,Damiere Byrd,ATL,13,-16384,0,-4096,546,-128,758,-4096,False,0,5,0,0,54,0,0,1,-128,-128,0,0,0,0,0,3,15,0,0,13,0,Damiere,Byrd,374.0,372.0,7.0,13.0,Signed,70.0,0.0,0.0,ATL,tier_5,737.467018469657,1398.7118644067796,0.2,3.95778364116095,ATL,-2.0
902,WR,Ray-Ray,McCloud III,Ray-Ray McCloud III,SF,0,-16384,0,-4096,607,-128,701,-4096,False,0,0,0,0,51,0,0,1,-128,-128,0,0,0,0,0,6,15,0,0,14,0,Ray-Ray,McCloud III,1725.0,1723.0,5.0,14.0,Signed,70.0,0.0,0.0,SF,tier_5,865.9058487874465,1713.8823529411764,0.4,8.559201141226819,SF,2.0
905,WR,D'Wayne,Eskridge,D'Wayne Eskridge,SEA,1,-16384,0,-4096,423,-128,335,-4096,False,0,3,0,0,32,0,0,1,-128,-128,0,0,0,0,0,0,10,0,0,27,0,D'Wayne,Eskridge,770.0,768.0,1.0,27.0,Signed,71.0,0.0,0.0,SEA,tier_5,1265.6716417910447,1748.9142857142856,0.0,0.0,SEA,4.0
906,HB,Mike,Boone,Mike Boone,DEN,452,-16384,0,-4096,67,-128,345,-4096,False,0,114,0,0,12,0,0,1,-128,-128,0,0,0,0,0,0,15,0,0,3,6,Mike,Boone,236.0,234.0,4.0,3.0,Signed,65.0,0.0,0.0,DEN,tier_6,1504.3478260869565,1152.7619047619048,0.4,17.391304347826086,DEN,4.0
909,WR,Odell,Beckham Jr,Odell Beckham Jr,LAR,16,-16384,0,-4096,885,-128,828,-4096,False,0,6,0,0,67,0,0,1,-128,-128,0,0,0,0,0,4,15,0,0,23,0,Odell,Beckham Jr,170.0,168.0,8.0,23.0,Signed,79.0,0.0,0.0,LAR,tier_4,1088.1642512077294,1811.5068493150686,0.26666666666666666,4.830917874396135,LAR,1.0
910,WR,Alec,Pierce,Alec Pierce,IND,2,-16384,0,-4096,702,-128,702,-4096,False,0,2,0,0,54,0,0,1,-128,-128,0,0,0,0,0,5,12,0,0,9,0,Alec,Pierce,3530.0,3528.0,0.0,9.0,Signed,73.0,0.0,0.0,IND,tier_5,1002.8490028490029,1815.8571428571427,0.4166666666666667,7.122507122507122,IND,4.0
911,WR,Dante,Pettis,Dante Pettis,CHI,4,-16384,0,-4096,279,-128,429,-4096,False,0,1,0,0,24,0,0,1,-128,-128,0,0,0,0,0,4,11,0,0,0,0,Dante,Pettis,2086.0,2084.0,4.0,0.0,Signed,70.0,0.0,0.0,CHI,tier_5,659.6736596736597,1655.04,0.36363636363636365,9.324009324009324,CHI,0.0
912,WR,D.J.,Chark Jr,D.J. Chark Jr,DET,12,-16384,0,-4096,736,-128,941,-4096,False,0,3,0,0,58,0,0,1,-128,-128,0,0,0,0,0,6,15,0,0,18,0,D.J.,Chark Jr,440.0,438.0,4.0,18.0,Signed,78.0,0.0,0.0,DET,tier_4,794.8990435706695,1796.4590163934424,0.4,6.376195536663124,DET,-3.0
913,WR,Skyy,Moore,Skyy Moore,KC,0,-16384,0,-4096,561,-128,554,-4096,False,0,0,0,0,43,0,0,1,-128,-128,0,0,0,0,0,3,11,0,0,8,0,Skyy,Moore,3531.0,3529.0,0.0,8.0,Signed,74.0,0.0,0.0,KC,tier_5,1012.6353790613719,1878.6976744186045,0.2727272727272727,5.415162454873646,KC,3.0
914,WR,Velus,Jones Jr.,Velus Jones Jr.,CHI,10,-16384,0,-4096,719,-128,963,-4096,False,0,4,0,0,58,0,0,1,-128,-128,0,0,0,0,0,2,15,0,0,0,0,Velus,Jones Jr.,3548.0,3546.0,0.0,0.0,Signed,72.0,0.0,0.0,CHI,tier_5,757.0093457943925,1718.3225806451612,0.13333333333333333,2.0768431983385254,CHI,-2.0
919,WR,Jamison,Crowder,Jamison Crowder,BUF,20,-16384,0,-4096,504,-128,891,-4096,False,0,7,0,0,48,0,0,1,-128,-128,0,0,0,0,0,2,15,0,0,2,0,Jamison,Crowder,557.0,555.0,7.0,2.0,Signed,77.0,0.0,0.0,BUF,tier_4,588.1032547699215,1428.6545454545453,0.13333333333333333,2.244668911335578,BUF,-6.0
920,WR,Trent,Taylor,Trent Taylor,CIN,3,-16384,0,-4096,141,-128,287,-4096,False,0,1,0,0,14,0,0,1,-128,-128,0,0,0,0,0,0,14,0,0,1,0,Trent,Taylor,2579.0,2577.0,6.0,1.0,Signed,67.0,0.0,0.0,CIN,tier_6,501.74216027874564,1413.6,0.0,0.0,CIN,-1.0
921,HB,Tony,Pollard,Tony Pollard,DAL,697,-16384,0,-4096,326,-128,642,-4096,False,0,193,0,0,33,0,0,1,-128,-128,0,0,0,0,0,0,15,0,0,10,4,Tony,Pollard,2119.0,2117.0,3.0,10.0,Signed,84.0,0.0,0.0,DAL,tier_3,1593.4579439252336,1132.9380530973451,0.26666666666666666,6.230529595015576,DAL,-3.0
926,WR,Jarvis,Landry,Jarvis Landry,NO,9,-16384,0,-4096,586,-128,756,-4096,False,0,3,0,0,51,0,0,1,-128,-128,0,0,0,0,0,4,11,0,0,26,0,Jarvis,Landry,1546.0,1544.0,8.0,26.0,Signed,82.0,0.0,0.0,NO,tier_3,787.0370370370371,1612.6666666666665,0.36363636363636365,5.291005291005291,NO,-4.0
927,HB,Brian,Robinson Jr.,Brian Robinson Jr.,WAS,515,-16384,0,-4096,69,-128,462,-4096,False,0,120,0,0,14,0,0,1,-128,-128,0,0,0,0,0,1,15,0,0,25,4,Brian,Robinson Jr.,3575.0,3573.0,0.0,25.0,Signed,73.0,0.0,0.0,WAS,tier_5,1264.0692640692641,1227.134328358209,0.3333333333333333,10.822510822510822,WAS,4.0
928,WR,Sammy,Watkins,Sammy Watkins,GB,0,-16384,0,-4096,259,-128,430,-4096,False,0,0,0,0,23,0,0,1,-128,-128,0,0,0,0,0,1,12,0,0,19,0,Sammy,Watkins,2764.0,2762.0,8.0,19.0,Signed,71.0,0.0,0.0,GB,tier_5,602.3255813953489,1621.5652173913043,0.08333333333333333,2.3255813953488373,GB,-2.0
930,WR,Chris,Olave,Chris Olave,NO,0,-16384,0,-4096,861,-128,831,-4096,False,0,0,0,0,72,0,0,1,-128,-128,0,0,0,0,0,4,15,0,0,26,0,Chris,Olave,3488.0,3486.0,0.0,26.0,Signed,77.0,0.0,0.0,NO,tier_4,1036.101083032491,1721.9999999999998,0.26666666666666666,4.813477737665464,NO,1.0
931,WR,Jakeem,Grant Sr,Jakeem Grant Sr,CLE,15,-16384,0,-4096,682,-128,795,-4096,False,0,7,0,0,58,0,0,1,-128,-128,0,0,0,0,0,5,13,0,0,4,0,Jakeem,Grant Sr,991.0,989.0,6.0,4.0,Signed,73.0,0.0,0.0,CLE,tier_5,876.7295597484277,1580.1230769230772,0.38461538461538464,6.289308176100629,CLE,1.0
933,WR,Marquise,Goodwin,Marquise Goodwin,SEA,9,-16384,0,-4096,704,-128,835,-4096,False,0,4,0,0,61,0,0,1,-128,-128,0,0,0,0,0,6,15,0,0,27,0,Marquise,Goodwin,973.0,971.0,9.0,27.0,Signed,74.0,0.0,0.0,SEA,tier_5,853.8922155688623,1601.1692307692306,0.4,7.18562874251497,SEA,2.0
934,WR,Marquez,Valdes-Scantling,Marquez Valdes-Scantling,KC,0,-16384,0,-4096,286,-128,343,-4096,False,0,0,0,0,24,0,0,1,-128,-128,0,0,0,0,0,1,15,0,0,8,0,Marquez,Valdes-Scantling,2692.0,2690.0,4.0,8.0,Signed,76.0,0.0,0.0,KC,tier_4,833.8192419825074,1716.0,0.06666666666666667,2.9154518950437316,KC,-2.0
940,WR,Cedrick,Wilson,Cedrick Wilson,MIA,7,-16384,0,-4096,523,-128,608,-4096,False,0,2,0,0,40,0,0,1,-128,-128,0,0,0,0,0,1,13,0,0,11,0,Cedrick,Wilson,2885.0,2883.0,4.0,11.0,Signed,72.0,0.0,0.0,MIA,tier_5,871.7105263157895,1843.1428571428569,0.07692307692307693,1.644736842105263,MIA,-1.0
944,WR,Mecole,Hardman,Mecole Hardman,KC,-1,-16384,0,-4096,1032,-128,1112,-4096,False,0,1,0,0,74,0,0,1,-128,-128,0,0,0,0,0,9,15,0,1,8,0,Mecole,Hardman,1067.0,1065.0,3.0,8.0,Signed,78.0,0.0,0.0,KC,tier_4,927.158273381295,1977.4399999999998,0.6,8.093525179856115,KC,0.0
945,WR,David,Bell,David Bell,CLE,25,-16384,0,-4096,569,-128,804,-4096,False,0,9,0,0,48,0,0,1,-128,-128,0,0,0,0,0,3,15,0,0,4,0,David,Bell,3576.0,3574.0,0.0,4.0,Signed,68.0,0.0,0.0,CLE,tier_6,738.8059701492538,1569.0526315789475,0.2,3.7313432835820897,CLE,1.0
946,HB,Jerome,Ford,Jerome Ford,CLE,134,-16384,0,-4096,47,-128,253,-4096,False,0,53,0,0,6,0,0,1,-128,-128,0,0,0,0,0,1,14,0,0,4,1,Jerome,Ford,3633.0,3631.0,0.0,4.0,Signed,71.0,0.0,0.0,CLE,tier_5,715.4150197628459,796.0677966101695,0.14285714285714285,7.905138339920948,CLE,-5.0
953,WR,Braxton,Berrios,Braxton Berrios,NYJ,0,-16384,0,-4096,112,-128,274,-4096,False,0,0,0,0,10,0,0,1,-128,-128,0,0,0,0,0,2,15,0,0,17,0,Braxton,Berrios,191.0,189.0,4.0,17.0,Signed,73.0,0.0,0.0,NYJ,tier_5,408.75912408759126,1612.7999999999997,0.13333333333333333,7.299270072992701,NYJ,-2.0
955,WR,Amon-Ra,St. Brown,Amon-Ra St. Brown,DET,0,-16384,0,-4096,814,-128,916,-4096,False,0,0,0,0,61,0,0,1,-128,-128,0,0,0,0,0,5,15,0,0,18,0,Amon-Ra,St. Brown,2485.0,2483.0,1.0,18.0,Signed,77.0,0.0,0.0,DET,tier_4,888.646288209607,1921.573770491803,0.3333333333333333,5.458515283842795,DET,-1.0
957,WR,Kyle,Philips,Kyle Philips,TEN,0,-16384,0,-4096,343,-128,354,-4096,False,0,0,0,0,26,0,0,1,-128,-128,0,0,0,0,0,0,15,0,0,29,0,Kyle,Philips,3640.0,3638.0,0.0,29.0,Signed,67.0,0.0,0.0,TEN,tier_6,968.9265536723163,1899.6923076923076,0.0,0.0,TEN,1.0
959,WR,Keelan,Cole Sr,Keelan Cole Sr,LV,-2,-16384,0,-4096,462,-128,426,-4096,False,0,1,0,0,37,0,0,1,-128,-128,0,0,0,0,0,3,15,0,0,22,0,Keelan,Cole Sr,482.0,480.0,5.0,22.0,Signed,75.0,0.0,0.0,LV,tier_4,1079.81220657277,1734.9473684210527,0.2,7.042253521126761,LV,2.0
960,WR,Randall,Cobb,Randall Cobb,GB,19,-16384,0,-4096,622,-128,914,-4096,False,0,6,0,0,54,0,0,1,-128,-128,0,0,0,0,0,3,15,0,1,19,0,Randall,Cobb,476.0,474.0,11.0,19.0,Signed,72.0,0.0,0.0,GB,tier_5,701.3129102844639,1587.8,0.2,3.282275711159737,GB,-2.0
962,WR,Stefon,Diggs,Stefon Diggs,BUF,12,-16384,0,-4096,1365,-128,1087,-4096,False,0,5,0,0,95,0,0,1,-128,-128,0,0,0,0,0,12,15,0,0,2,0,Stefon,Diggs,658.0,656.0,7.0,2.0,Signed,96.0,0.0,0.0,BUF,tier_0,1266.789328426863,2001.6,0.8,11.039558417663294,BUF,0.0
963,WR,Deonte,Harris,Deonte Harris,NO,3,-16384,0,-4096,190,-128,294,-4096,False,0,1,0,0,13,0,0,1,-128,-128,0,0,0,0,0,0,15,0,0,26,0,Deonte,Harris,1084.0,1082.0,3.0,26.0,Signed,75.0,0.0,0.0,NO,tier_4,656.4625850340135,2018.5714285714287,0.0,0.0,NO,-6.0
964,WR,Tyler,Lockett,Tyler Lockett,SEA,10,-16384,0,-4096,668,-128,663,-4096,False,0,4,0,0,54,0,0,1,-128,-128,0,0,0,0,0,2,11,0,0,27,0,Tyler,Lockett,1620.0,1618.0,7.0,27.0,Signed,88.0,0.0,0.0,SEA,tier_2,1022.6244343891402,1710.2068965517242,0.18181818181818182,3.0165912518853695,SEA,-2.0
965,WR,Danny,Gray,Danny Gray,SF,0,-16384,0,-4096,121,-128,356,-4096,False,0,0,0,0,11,0,0,1,-128,-128,0,0,0,0,0,0,15,0,0,14,0,Danny,Gray,3582.0,3580.0,0.0,14.0,Signed,70.0,0.0,0.0,SF,tier_5,339.8876404494382,1584.0,0.0,0.0,SF,-5.0
